renda_anual_da_familia,numero_de_criancas,gasto_em_vinhos,gasto_em_frutas,gasto_em_carnes,gasto_em_peixes,gasto_em_doces,gasto_produtos_ouro,compras_loja,visitas_site_mes,compras_site_empresa,idade,nivel_superior,com_parceria
58138.0,0,635,88,546,172,88,88,4,7,1,57,1,0
46344.0,1,11,1,6,2,1,6,2,5,0,60,1,0
71613.0,0,426,49,127,111,21,42,10,4,1,49,1,1
26646.0,1,11,4,20,10,3,5,4,6,0,30,1,1
58293.0,1,173,43,118,46,27,15,6,5,1,33,1,1
62513.0,0,520,42,98,0,42,14,10,6,1,47,1,1
55635.0,0,235,65,164,50,49,27,7,6,1,43,1,0
33454.0,1,76,10,56,3,1,23,4,8,1,29,1,1
30351.0,1,14,0,24,3,3,2,2,9,0,40,1,1
5648.0,1,28,0,6,1,1,13,0,20,0,64,1,1
51381.5,1,5,5,6,0,2,1,2,7,0,31,1,1
7500.0,0,6,16,11,11,1,16,3,8,0,38,0,1
63033.0,0,194,61,480,225,112,30,8,2,0,55,1,0
59354.0,1,233,2,53,3,5,14,5,6,1,62,1,0
17323.0,0,3,14,17,6,1,5,3,8,0,27,1,1
82800.0,0,1006,22,115,59,68,45,12,3,1,68,1,0
41850.0,1,53,5,19,2,13,4,3,8,0,34,1,1
37760.0,0,84,5,38,150,12,28,6,7,1,68,1,1
76995.0,0,1012,80,498,0,16,176,9,5,1,65,1,1
33812.0,1,4,17,19,30,24,39,3,6,0,29,1,0
37040.0,0,86,2,73,69,38,48,5,8,1,32,1,1
2447.0,1,1,1,1725,1,1,1,0,1,0,35,1,1
58607.0,0,867,0,86,0,0,19,9,8,0,65,1,1
65324.0,0,384,0,102,21,32,5,9,4,1,60,1,1
40689.0,0,270,3,27,39,6,99,5,8,1,63,1,1
18589.0,0,6,4,25,15,12,13,3,7,0,45,1,0
53359.0,1,173,4,30,3,6,41,4,7,1,38,1,1
51381.5,1,5,1,3,3,263,362,0,1,1,28,1,0
38360.0,1,36,2,42,20,21,10,4,3,0,25,1,1
84618.0,0,684,100,801,21,66,0,10,2,1,49,1,1
10979.0,0,8,4,10,2,2,4,3,5,0,25,1,0
38620.0,0,112,17,44,34,22,89,3,3,0,51,1,1
40548.0,0,110,0,5,2,0,3,4,5,0,44,1,1
46610.0,0,96,12,96,33,22,43,6,6,1,62,1,0
68657.0,0,482,34,471,119,68,22,9,7,0,68,1,1
49389.0,1,40,0,19,2,1,3,3,7,0,63,1,0
67353.0,0,702,17,151,0,8,35,12,2,1,44,1,1
23718.0,1,6,3,14,15,7,36,2,7,0,38,1,1
42429.0,0,55,0,6,2,0,4,3,5,0,41,1,0
48948.0,0,437,8,206,160,49,42,5,6,1,71,1,0
80011.0,0,421,76,536,82,178,102,5,4,1,34,1,1
20559.0,1,13,1,29,3,0,7,3,8,0,29,1,1
21994.0,0,9,0,6,3,1,3,3,5,0,57,1,1
51381.5,0,81,11,50,3,2,39,4,2,0,55,1,0
7500.0,1,3,1,10,3,2,12,3,5,0,39,1,1
79941.0,0,123,164,266,227,30,174,9,1,0,38,1,0
7500.0,0,3,18,14,15,22,50,3,9,0,18,1,1
41728.0,1,13,6,15,3,5,13,2,10,0,46,1,1
51381.5,2,48,5,48,6,10,7,4,6,0,63,1,0
72550.0,1,826,50,317,50,38,38,12,8,1,60,1,1
65486.0,0,245,19,125,37,67,14,10,2,1,57,1,0
79143.0,0,650,37,780,27,167,32,13,3,1,50,1,1
35790.0,1,12,6,20,30,1,3,3,7,0,37,1,0
82582.0,0,510,120,550,156,40,241,7,1,1,37,1,0
66373.0,1,328,9,124,12,24,109,10,3,1,36,1,1
82384.0,0,984,51,432,180,120,190,13,1,0,59,1,1
70287.0,0,295,35,482,121,120,40,10,3,1,48,1,0
27938.0,1,13,0,8,2,1,5,4,3,0,26,1,0
51381.5,1,11,3,22,2,2,6,3,6,0,32,1,0
55954.0,0,447,0,28,0,0,43,6,7,1,46,1,1
75777.0,0,712,26,538,69,13,80,11,1,0,32,1,0
66653.0,1,452,18,102,16,18,6,12,3,1,39,1,1
61823.0,0,523,7,134,37,14,169,10,7,1,62,1,0
67680.0,0,546,0,48,0,6,6,8,5,1,63,1,0
70666.0,0,398,40,367,119,122,30,4,4,1,66,1,1
25721.0,1,1,3,6,3,6,15,2,7,0,43,1,1
32474.0,1,10,0,1,0,0,0,2,7,0,47,1,1
88194.0,0,688,14,309,201,24,38,10,5,1,35,1,0
69096.0,0,247,49,159,7,82,109,10,4,1,56,1,1
74854.0,1,856,59,487,58,29,73,5,5,0,44,1,1
66991.0,0,496,36,460,189,60,12,6,3,1,60,1,1
51381.5,1,25,3,43,17,4,17,3,8,0,41,1,1
65031.0,0,258,107,291,84,37,86,13,7,1,55,1,1
60631.0,1,565,6,65,0,6,19,8,7,1,39,1,1
28332.0,0,14,10,13,4,15,9,4,2,0,62,1,1
40246.0,1,2,1,6,2,1,1,2,6,0,37,1,0
75251.0,0,721,111,925,97,18,18,5,5,1,42,1,1
75825.0,0,1032,105,779,137,105,51,9,4,1,38,1,0
26326.0,0,1,0,5,0,3,9,3,3,0,38,1,1
56046.0,0,577,0,64,0,0,51,8,8,1,49,1,1
29760.0,1,64,4,68,7,5,17,4,8,0,29,1,0
26304.0,1,4,1,5,2,0,4,2,7,0,45,1,1
23559.0,1,25,5,19,7,0,23,3,7,0,41,1,1
38620.0,0,112,17,44,34,22,89,3,3,0,51,1,1
81361.0,0,163,23,424,27,65,76,13,1,0,27,1,0
29440.0,1,17,8,14,10,4,3,4,7,0,54,1,1
36138.0,1,130,0,16,0,0,5,4,7,0,44,1,1
50388.0,0,292,6,37,0,3,34,6,7,1,57,1,0
79593.0,0,350,60,568,110,133,145,7,2,1,41,1,1
54178.0,0,135,9,39,4,0,7,5,2,0,47,1,1
51381.5,2,230,42,192,49,37,53,8,9,1,57,1,1
51381.5,1,7,0,8,2,0,1,2,7,0,57,1,0
51381.5,0,445,37,359,98,28,18,8,1,0,41,1,1
42394.0,1,15,2,10,0,1,4,3,7,0,42,1,0
23626.0,1,27,2,14,0,0,0,3,5,0,44,1,1
30096.0,1,5,3,11,12,5,9,3,6,0,31,1,1
47916.0,0,505,0,26,0,0,75,6,6,1,54,1,0
51813.0,1,51,2,7,0,1,2,3,7,0,42,1,0
78497.0,0,207,26,447,75,0,223,12,2,1,63,1,1
50150.0,0,135,46,92,65,61,11,7,5,1,31,1,1
47823.0,0,53,1,5,2,1,10,3,8,0,54,1,0
34554.0,0,41,1,6,2,0,5,3,6,0,55,1,0
85693.0,0,386,172,183,185,132,111,11,5,1,35,1,1
65846.0,0,562,81,276,80,40,81,6,4,1,69,1,1
87195.0,0,217,76,690,50,26,38,5,1,0,55,1,1
24594.0,1,1,3,6,10,0,9,3,5,0,35,0,1
49096.0,1,144,1,32,2,1,7,4,7,1,50,1,1
52413.0,0,295,106,271,75,98,65,12,6,1,45,1,1
38557.0,1,76,3,31,4,4,27,3,7,0,36,1,0
89058.0,0,454,194,106,31,22,43,4,2,1,54,1,1
77298.0,0,425,115,292,23,35,79,11,3,1,35,1,1
68126.0,0,1332,17,311,23,51,86,5,9,1,23,1,0
57288.0,0,527,0,21,0,0,60,8,6,1,51,1,1
86037.0,0,490,44,125,29,20,22,11,3,1,23,1,0
43974.0,1,378,0,101,0,0,72,6,7,1,34,1,1
50785.0,1,64,1,21,0,1,27,3,6,0,52,1,0
90765.0,0,547,99,812,151,82,33,5,1,1,44,1,1
36550.0,1,47,90,94,123,103,120,5,9,1,36,1,1
30753.0,1,12,5,25,0,9,30,3,5,0,47,1,1
21918.0,1,1,6,7,11,5,3,3,6,0,45,1,1
56129.0,0,320,48,133,39,72,48,10,4,1,61,1,1
32557.0,1,34,3,29,0,4,10,3,5,0,47,1,0
19510.0,2,9,0,7,3,4,7,3,7,0,29,1,1
30992.0,1,17,0,14,7,3,2,3,7,0,38,1,0
101970.0,0,722,27,102,44,72,168,13,2,1,31,1,0
71488.0,0,162,33,124,40,28,172,7,1,0,49,1,1
79607.0,0,450,133,951,173,0,216,6,1,0,30,1,0
54348.0,1,70,0,16,0,0,4,4,6,0,61,1,1
51381.5,0,352,0,27,10,0,15,7,6,1,53,1,1
77376.0,1,492,19,110,16,12,12,10,4,1,58,1,1
62998.0,0,120,58,73,65,89,58,5,5,1,62,1,1
61331.0,1,534,5,47,0,5,41,6,8,1,56,1,0
73448.0,0,236,106,189,23,41,130,9,4,1,45,1,1
51381.5,0,231,65,196,38,71,124,7,4,1,51,1,1
41551.0,1,220,0,33,3,0,23,5,8,1,50,1,1
62981.0,0,796,14,590,38,44,0,13,3,1,47,1,1
9548.0,1,0,1,3,10,6,9,3,8,0,38,0,0
33762.0,2,53,1,34,2,0,16,2,8,0,55,1,1
35860.0,1,15,0,8,4,2,20,2,5,0,41,1,0
36921.0,1,17,1,12,3,1,4,3,7,0,49,1,0
92859.0,0,962,61,921,52,61,20,12,2,1,22,1,0
65104.0,0,738,0,232,13,20,50,7,7,0,38,1,1
86111.0,0,399,28,756,36,40,126,10,2,1,52,1,1
68352.0,0,614,16,132,43,33,33,9,6,1,40,1,0
41883.0,1,32,34,41,73,16,116,3,7,1,26,1,1
59809.0,0,598,16,141,32,41,49,6,8,0,38,1,1
23957.0,1,2,1,18,20,11,16,3,6,0,39,1,1
38547.0,1,6,1,10,0,1,4,2,8,0,33,1,1
35688.0,2,73,3,90,12,1,32,4,8,1,41,1,1
49605.0,0,42,16,29,12,20,8,4,3,0,48,1,1
59354.0,0,295,21,78,39,13,13,7,3,1,61,1,1
65747.0,0,346,17,48,23,13,13,6,6,1,45,1,1
46344.0,0,233,20,57,8,20,91,5,7,1,42,1,1
34176.0,1,5,7,24,19,14,20,4,6,0,26,1,0
61010.0,0,888,0,57,0,0,76,11,5,1,62,1,1
69372.0,0,997,26,269,34,13,42,6,4,1,65,1,1
49967.0,0,212,6,69,4,12,3,5,7,1,56,1,0
60199.0,1,8,1,7,2,0,0,3,4,0,36,1,0
55375.0,0,42,11,57,10,28,14,6,2,0,37,1,1
80317.0,0,536,11,387,149,91,57,10,1,0,59,1,0
30523.0,2,5,0,3,0,0,5,2,7,0,56,1,0
70356.0,0,1349,16,249,43,16,33,9,6,1,69,1,1
23228.0,1,53,3,49,7,4,5,4,8,0,30,1,1
74165.0,0,1001,12,240,16,12,12,10,2,1,39,1,0
157243.0,0,20,2,1582,1,2,1,0,0,0,41,1,1
43482.0,2,18,1,32,6,3,28,4,6,0,48,1,1
62551.0,0,125,16,98,134,21,27,4,3,1,61,1,0
52332.0,0,212,5,33,7,0,2,6,4,0,55,1,0
66951.0,0,277,162,305,173,76,124,7,1,0,26,1,0
26091.0,1,15,10,19,8,17,20,3,5,0,57,1,1
33456.0,1,7,3,10,8,1,7,3,7,0,49,1,1
28718.0,1,12,4,6,11,8,16,3,8,0,32,1,1
50447.0,2,85,7,24,2,3,27,3,6,0,44,1,1
53537.0,1,81,0,6,0,0,6,3,5,0,55,1,1
52074.0,0,59,0,12,0,0,48,2,4,0,47,1,0
80427.0,0,1149,71,449,69,71,26,8,5,1,39,1,1
83837.0,0,847,66,119,86,89,111,5,4,1,66,1,1
38853.0,1,29,0,14,0,0,2,3,7,0,44,1,1
38285.0,2,2,0,5,2,0,1,3,2,0,55,1,1
78497.0,0,207,26,447,75,0,223,12,2,1,63,1,1
51650.0,0,152,3,22,2,5,7,4,5,1,38,1,1
16248.0,1,12,11,10,3,12,9,3,6,0,26,1,1
66835.0,0,620,26,195,34,17,141,13,2,1,68,1,1
30477.0,1,47,1,6,0,0,12,3,6,0,30,1,1
28249.0,0,1,9,7,2,14,10,3,6,0,53,0,1
25271.0,1,10,1,18,10,4,7,2,9,0,31,1,1
32303.0,0,35,0,2,0,0,2,4,5,0,44,1,0
61286.0,0,356,0,107,19,9,117,8,5,1,48,1,1
74068.0,0,783,30,537,140,76,15,9,2,1,38,1,1
45759.0,1,42,1,18,3,0,4,3,7,0,50,1,1
24882.0,1,1,4,10,29,0,36,2,6,0,36,0,1
66973.0,0,466,22,432,147,113,102,12,3,1,25,1,1
38872.0,1,23,3,21,3,19,22,3,8,0,26,1,1
51148.0,1,235,6,45,8,9,12,6,6,1,41,1,1
31353.0,1,10,0,10,3,1,7,2,8,0,37,1,1
69661.0,0,656,16,106,32,16,8,12,3,1,34,1,1
80067.0,0,519,17,813,27,173,51,6,2,1,60,1,1
86718.0,0,344,189,482,50,33,172,5,2,1,60,1,1
46854.0,1,96,1,79,7,1,79,3,8,1,41,1,0
69142.0,0,448,4,34,6,4,39,7,5,1,62,1,0
75922.0,0,265,138,553,224,23,92,9,1,1,46,1,0
63693.0,0,587,43,337,42,87,54,9,6,1,36,1,0
102160.0,0,763,29,138,76,176,58,10,4,1,37,1,1
40637.0,1,22,0,13,0,0,3,3,7,0,49,1,0
18890.0,0,6,4,1,7,2,15,2,6,0,30,1,0
29604.0,1,7,6,13,7,6,14,3,9,0,26,1,1
48721.0,1,81,18,113,47,13,21,5,6,1,51,1,0
44794.0,0,54,0,7,0,0,4,3,6,0,48,1,1
64497.0,0,1170,48,320,42,32,192,9,8,1,60,1,0
46097.0,0,72,24,68,65,4,8,6,4,0,58,1,1
77972.0,0,613,22,319,33,102,12,9,1,1,60,1,1
44377.0,1,224,0,30,0,0,10,5,8,1,46,1,1
46014.0,1,410,0,59,19,9,44,8,7,1,40,1,1
70951.0,0,239,10,554,254,87,54,9,1,0,29,1,1
41443.0,1,171,7,171,25,19,89,5,8,1,37,1,1
52195.0,2,12,0,4,0,0,1,2,8,0,36,1,0
83790.0,0,1076,16,417,42,48,16,6,3,1,66,1,1
44551.0,0,182,4,33,0,0,66,5,7,1,60,1,0
69508.0,1,824,32,162,42,32,43,11,6,1,34,1,1
45204.0,1,30,11,25,29,1,18,4,3,0,26,1,1
72460.0,0,377,10,540,80,30,10,7,1,0,45,1,1
77622.0,0,520,7,154,19,0,14,11,3,1,44,1,1
30732.0,1,155,1,25,0,1,3,4,8,1,34,1,1
63887.0,0,897,23,207,15,11,92,12,6,1,52,1,0
42011.0,1,131,0,16,2,1,39,4,8,0,36,1,1
51369.0,0,297,7,79,0,11,182,4,8,1,38,1,1
51537.0,0,787,20,204,0,0,92,11,8,0,62,1,0
79930.0,0,792,86,740,67,51,17,8,2,0,42,1,1
34320.0,1,4,1,9,3,0,0,2,8,0,28,1,1
37070.0,1,231,7,137,4,15,39,8,7,1,48,1,0
81975.0,0,983,76,184,180,138,27,4,7,1,52,1,0
38590.0,1,3,1,8,4,3,3,2,8,0,43,1,1
15033.0,0,0,4,5,6,0,4,3,3,0,63,1,0
62745.0,0,562,21,464,28,10,32,11,5,1,49,1,1
22212.0,1,5,9,20,6,8,21,4,6,0,39,1,1
23661.0,1,18,0,4,0,0,1,3,7,0,32,1,1
79761.0,0,415,5,124,15,35,11,11,3,1,56,1,0
7500.0,1,5,3,10,12,7,20,3,7,0,41,1,0
73455.0,0,901,61,757,186,163,20,10,3,1,46,1,0
64961.0,0,382,114,276,75,124,38,4,3,1,56,1,1
22804.0,1,14,1,7,2,1,1,2,9,0,43,1,0
73687.0,0,559,153,503,218,13,181,9,2,0,24,1,1
61074.0,0,789,0,133,0,28,152,8,7,1,56,1,1
31686.0,1,11,0,5,0,0,1,3,6,0,50,1,1
80134.0,1,1218,16,272,104,0,80,6,6,1,42,1,1
75027.0,0,925,64,179,133,12,77,6,5,1,61,1,1
67546.0,0,864,134,768,150,38,172,5,3,1,26,1,1
65176.0,0,960,28,183,220,70,70,6,6,1,45,1,1
31160.0,1,16,3,25,6,1,13,3,8,0,39,1,0
29938.0,1,3,3,7,0,2,11,3,6,0,29,1,0
102692.0,0,168,148,444,32,172,148,13,2,1,40,1,0
26490.0,0,45,47,52,21,20,25,5,6,0,56,1,1
75702.0,1,650,28,353,45,42,30,11,8,1,47,1,1
30899.0,1,24,0,8,0,0,1,3,6,0,40,1,0
63342.0,0,918,21,118,13,10,21,5,6,1,53,1,1
45989.0,0,138,33,87,28,24,12,7,3,0,50,1,0
18701.0,1,12,4,2,10,6,10,4,5,0,50,1,0
40737.0,2,11,0,4,0,0,2,2,8,0,57,1,0
15287.0,1,1,2,8,4,3,13,2,7,0,35,1,0
69674.0,0,554,41,215,11,0,24,10,5,1,46,1,0
44159.0,1,167,2,62,24,13,7,6,5,1,44,1,1
37717.0,1,9,0,6,4,1,5,2,9,0,36,1,1
43776.0,1,177,2,71,3,2,20,4,8,1,62,1,1
38179.0,1,38,4,22,4,2,20,3,7,0,48,1,1
80124.0,0,483,84,398,205,84,241,8,1,0,51,1,1
38097.0,1,77,2,35,0,1,69,2,7,0,44,1,1
72940.0,0,182,74,298,162,149,116,6,1,0,44,1,1
22070.0,1,10,7,19,8,2,21,2,6,0,44,1,1
69267.0,0,778,44,499,95,73,146,5,7,0,61,1,0
31788.0,1,16,7,23,0,8,6,4,5,0,31,1,0
61905.0,0,167,0,43,6,2,13,4,5,1,39,1,1
29315.0,1,13,2,14,8,7,4,4,6,0,54,1,1
33378.0,1,33,6,40,3,7,10,4,7,0,51,1,0
66313.0,0,625,7,99,10,22,7,12,4,1,51,1,1
60714.0,0,216,162,224,101,92,162,10,5,1,58,1,0
77882.0,0,68,129,396,188,22,15,5,1,0,33,1,1
69867.0,0,196,0,512,33,130,54,8,1,0,28,1,0
63841.0,0,635,15,100,20,7,131,9,6,1,46,1,0
24480.0,1,4,19,9,28,25,17,4,7,0,33,0,1
51369.0,0,297,7,79,0,11,182,4,8,1,38,1,1
37760.0,0,84,5,38,150,12,28,6,7,1,68,1,1
65640.0,0,204,7,149,20,15,66,8,2,1,40,1,1
44319.0,1,26,0,8,0,0,3,3,5,0,39,1,1
30631.0,1,15,6,20,4,5,20,2,7,0,40,1,1
75278.0,0,304,98,230,150,74,74,13,3,1,62,1,1
50898.0,1,285,28,242,55,114,135,12,5,1,58,1,1
79946.0,0,395,183,565,166,141,28,5,3,1,48,1,0
35416.0,0,248,3,81,4,3,51,5,8,1,65,1,0
32414.0,0,20,6,5,0,9,12,3,7,0,30,1,1
38361.0,1,39,0,56,20,8,14,3,7,0,45,1,1
82497.0,0,777,129,573,216,21,203,9,4,0,34,1,1
16626.0,2,8,3,22,21,1,13,3,9,0,43,1,1
29672.0,1,9,1,3,0,4,8,3,6,0,49,1,1
55951.0,0,1241,0,80,0,13,40,11,8,0,62,1,1
35388.0,1,6,4,7,4,3,8,3,7,0,26,1,0
42386.0,1,65,4,16,0,4,11,3,8,0,28,1,1
68627.0,0,395,15,263,60,54,38,6,1,0,32,1,0
57912.0,0,801,0,80,0,0,35,12,5,1,49,1,0
35246.0,1,36,0,12,2,2,10,3,5,0,56,1,0
58821.0,0,513,14,154,19,0,28,9,6,1,58,1,1
46377.0,1,37,0,46,4,3,0,3,4,0,36,1,1
39747.0,1,80,15,93,20,13,52,4,8,1,26,1,0
23976.0,1,14,1,21,2,3,25,3,7,0,30,1,1
80950.0,0,525,147,112,219,147,63,9,2,1,53,1,1
27038.0,0,1,26,25,17,23,15,3,9,0,48,1,0
77457.0,0,675,11,400,15,45,11,10,1,0,67,1,0
64100.0,0,509,0,27,0,0,10,6,7,1,50,1,1
42670.0,0,154,2,46,20,4,15,4,4,1,22,1,1
12571.0,1,3,5,14,2,12,17,3,6,0,38,1,0
22574.0,2,25,0,8,2,0,2,3,7,0,47,1,1
51381.5,0,861,138,461,60,30,61,12,3,1,25,1,1
70893.0,0,768,44,561,77,44,14,10,3,1,38,1,0
54198.0,1,185,0,28,3,2,17,6,4,0,48,1,1
28839.0,1,24,0,7,0,0,1,3,5,0,58,1,1
40321.0,1,44,4,21,6,0,27,3,7,0,42,1,1
66503.0,1,91,64,128,65,3,50,6,3,1,29,1,0
30833.0,1,11,0,7,3,1,6,3,5,0,63,1,1
51381.5,1,738,20,172,52,50,20,10,7,0,44,1,0
64795.0,0,412,5,119,38,29,77,12,2,0,43,1,1
34421.0,1,3,3,7,6,2,9,2,7,0,40,1,1
47025.0,1,16,0,3,0,0,1,2,7,0,49,1,0
64325.0,0,731,60,353,78,12,73,5,7,1,53,1,0
40464.0,0,424,17,118,7,23,41,8,8,1,61,1,0
62187.0,0,792,0,275,45,45,126,5,3,1,57,1,1
14849.0,1,21,2,28,3,2,9,4,8,0,38,1,0
27255.0,1,22,1,11,0,1,2,3,7,0,30,1,1
54432.0,2,33,0,5,0,0,0,3,4,0,64,1,1
29999.0,1,68,7,59,10,5,11,4,8,0,28,1,0
24072.0,1,9,1,6,3,0,4,2,8,0,31,1,0
33996.0,0,40,2,15,8,0,6,3,4,0,25,1,0
66334.0,0,909,11,218,0,0,23,5,5,1,58,1,1
35178.0,1,23,1,13,2,2,18,2,7,0,43,1,1
22010.0,1,11,2,9,3,0,8,3,8,0,31,1,1
62204.0,0,317,46,247,151,46,139,12,3,1,54,1,0
75693.0,0,797,153,293,72,97,30,6,4,1,46,1,0
30675.0,1,10,2,16,11,2,21,3,8,0,42,1,1
83003.0,0,856,61,570,40,25,122,8,3,1,49,1,1
68655.0,0,456,19,832,75,118,38,11,3,1,26,1,0
41411.0,0,37,32,38,11,3,18,4,6,0,28,1,0
55212.0,0,1103,0,45,0,0,34,11,8,1,45,1,1
59292.0,0,378,14,68,19,14,14,8,3,0,64,1,1
27190.0,1,1,6,7,0,1,3,2,8,0,41,0,1
82623.0,0,204,34,204,172,153,173,4,1,0,62,1,0
44300.0,1,30,0,9,0,0,3,3,6,0,49,1,1
84835.0,0,189,104,379,111,189,218,6,1,1,44,1,0
30372.0,1,15,0,12,7,3,7,3,7,0,43,1,0
33181.0,1,9,0,3,0,0,4,2,6,0,38,1,1
71113.0,0,495,33,255,11,33,8,9,4,1,57,1,1
71952.0,1,656,80,455,52,107,93,8,4,1,28,1,1
69759.0,0,452,20,514,13,30,0,5,3,1,48,1,0
72099.0,0,546,91,410,119,0,22,10,1,0,40,1,1
60000.0,0,1048,0,217,0,0,12,5,6,1,38,1,0
38643.0,1,22,2,14,0,1,10,3,7,0,36,1,0
50737.0,0,78,0,11,0,0,10,4,6,0,59,1,1
68462.0,0,561,64,785,84,128,48,8,1,0,45,1,1
65073.0,0,629,17,177,69,0,8,5,2,1,71,1,1
46681.0,0,269,15,69,15,19,38,4,5,1,66,1,1
78618.0,0,736,163,818,212,163,61,10,2,1,57,1,1
62187.0,0,512,0,83,0,0,41,10,4,1,45,1,0
28442.0,2,19,3,10,11,8,6,4,4,0,36,1,1
37717.0,1,9,0,6,4,1,5,2,9,0,36,1,1
51479.0,1,247,8,160,6,8,65,6,7,1,47,1,1
54803.0,0,404,0,92,28,27,142,9,4,1,45,1,0
79530.0,0,333,0,815,129,42,29,11,2,1,54,1,1
31615.0,1,2,3,20,6,11,9,3,7,0,38,1,0
72025.0,0,833,33,549,151,133,233,8,3,1,52,1,1
52614.0,0,789,0,142,12,9,38,8,8,0,39,1,0
35684.0,1,10,4,7,0,6,3,3,6,0,30,1,1
48178.0,1,159,4,45,6,2,38,4,8,1,39,1,1
29548.0,1,7,1,6,3,1,11,2,4,0,44,1,0
63810.0,0,977,12,253,16,12,101,12,8,1,48,1,0
38578.0,1,38,4,22,3,3,3,3,8,0,42,1,0
46098.0,1,57,0,27,0,0,36,2,8,0,39,1,0
22585.0,0,3,9,15,13,2,39,2,9,0,44,1,0
30279.0,1,10,4,14,4,4,1,3,8,0,25,1,0
66426.0,0,1043,24,97,32,24,157,10,6,0,53,1,1
30822.0,1,3,9,13,2,12,12,3,7,0,45,1,0
33581.0,2,11,0,5,0,0,1,2,8,0,45,1,1
19986.0,1,3,6,5,0,2,6,3,7,0,29,1,1
27421.0,0,43,12,96,78,40,55,6,7,1,60,1,0
35688.0,2,73,3,90,12,1,32,4,8,1,41,1,1
36143.0,1,12,0,1,0,0,6,2,3,0,33,1,0
10245.0,1,4,7,7,6,4,13,2,5,0,43,1,0
43795.0,0,314,11,53,4,3,107,4,7,1,46,1,1
63381.0,0,571,50,142,33,50,159,13,2,1,54,1,1
38823.0,0,70,0,11,2,8,23,3,6,0,65,1,1
83664.0,1,866,21,151,28,21,86,12,5,0,46,1,0
90300.0,0,594,134,786,33,134,57,8,1,1,35,1,1
62499.0,1,140,4,61,0,13,4,6,4,0,35,1,1
74293.0,0,375,152,335,93,91,81,6,2,1,21,1,0
51012.0,0,102,9,63,2,9,24,4,6,1,68,1,1
70777.0,0,554,35,113,0,7,78,12,3,1,46,1,1
68682.0,0,919,0,505,99,30,45,10,2,1,23,1,1
43824.0,1,96,1,42,12,3,32,4,8,0,43,1,1
15345.0,1,5,2,16,3,2,19,2,8,0,30,1,1
23442.0,1,2,0,6,8,6,5,3,7,0,27,1,0
14515.0,1,6,4,9,6,36,35,3,7,0,34,1,1
31395.0,1,23,1,25,0,8,7,3,6,0,58,1,0
75276.0,0,610,105,125,137,42,21,9,5,1,49,1,1
42373.0,1,67,5,61,3,8,19,5,5,0,40,1,0
30507.0,0,65,36,74,38,20,110,4,7,1,54,1,1
55521.0,1,416,0,26,0,0,4,6,7,1,59,1,0
48006.0,1,23,0,11,3,2,2,3,6,0,49,1,1
27213.0,1,19,3,26,10,9,3,4,8,0,42,1,0
65808.0,1,155,7,80,13,7,10,5,6,1,43,1,0
30351.0,1,14,0,24,3,3,2,2,9,0,40,1,1
50437.0,0,370,9,92,6,9,4,8,7,1,51,1,1
23616.0,1,4,22,11,3,7,32,3,8,0,32,1,0
53858.0,0,407,53,221,58,150,26,6,4,1,38,1,1
66465.0,0,1200,0,204,38,29,14,12,6,1,59,1,1
46923.0,1,85,44,54,102,78,6,7,7,1,27,1,0
75072.0,0,583,34,309,0,22,125,8,3,1,52,1,1
75865.0,0,483,0,591,156,0,12,10,1,0,71,1,1
19789.0,1,2,5,9,28,6,28,3,5,0,39,1,1
80134.0,0,966,26,282,52,26,26,11,5,0,20,1,1
91065.0,0,822,114,108,179,137,114,9,3,1,33,1,0
49505.0,1,604,0,100,19,0,28,8,8,1,43,1,1
37401.0,1,19,3,19,3,1,3,3,7,0,41,1,1
30096.0,1,5,3,11,12,5,9,3,6,0,31,1,1
18492.0,1,2,2,2,2,1,1,2,8,0,32,1,1
82584.0,0,1076,68,103,29,91,68,8,1,0,40,1,1
93027.0,0,1285,42,716,55,0,21,5,2,1,73,1,1
48686.0,1,10,0,7,2,0,1,2,8,0,61,1,1
92910.0,0,551,137,792,179,103,33,13,1,1,28,1,1
75433.0,1,800,0,297,0,34,57,10,6,0,25,1,1
10404.0,1,2,2,11,10,6,12,4,5,0,25,1,1
61314.0,0,378,0,189,97,172,172,12,3,1,46,1,1
84865.0,0,1248,16,349,43,16,16,9,4,0,53,1,0
42387.0,1,235,0,235,19,4,191,7,8,1,25,1,1
67309.0,1,515,47,181,149,95,95,9,7,1,47,1,1
75236.0,0,438,66,400,12,38,114,13,4,1,50,1,1
30015.0,1,25,0,22,2,3,5,4,5,0,44,1,0
50943.0,0,31,0,7,2,0,6,3,5,0,58,1,1
67272.0,0,357,35,271,28,28,14,12,5,1,48,1,0
51529.0,0,400,4,35,6,0,22,5,8,1,65,1,0
32011.0,1,99,0,15,2,1,5,4,7,0,43,1,1
7500.0,1,1,11,5,4,6,9,3,8,0,28,1,1
28691.0,1,5,4,13,8,0,4,3,8,0,25,1,1
56223.0,0,77,28,31,16,0,4,5,4,0,66,1,1
18100.0,0,3,1,2,4,3,1,3,5,0,68,1,1
30279.0,1,10,4,14,4,4,1,3,8,0,25,1,0
20130.0,0,0,6,3,7,6,12,3,8,0,40,1,1
23295.0,0,0,0,1,2,12,5,2,8,0,55,1,0
42618.0,1,76,14,74,13,5,10,4,8,1,42,1,0
81246.0,0,398,190,537,61,156,37,7,1,1,50,1,0
24027.0,1,14,7,11,11,0,5,3,8,0,38,1,1
55707.0,0,208,7,82,30,66,35,9,3,0,61,1,1
57959.0,0,430,16,322,43,24,33,11,3,1,59,1,0
56796.0,0,656,38,161,62,47,37,7,7,1,45,1,1
36230.0,1,14,2,30,8,2,3,4,5,0,43,1,0
70829.0,1,141,70,106,72,19,23,8,3,1,34,1,1
65991.0,0,507,19,364,25,47,9,10,7,1,38,1,1
38988.0,1,164,24,103,12,3,42,6,8,1,42,1,1
89572.0,0,606,24,974,197,194,64,9,4,1,48,1,0
42207.0,1,116,11,72,3,17,46,5,6,1,30,1,1
50300.0,0,143,15,60,24,23,5,8,2,0,62,1,1
66664.0,0,398,96,447,220,96,32,6,3,1,32,1,1
60597.0,0,522,0,257,32,16,66,8,7,0,50,1,1
70165.0,0,161,0,253,199,191,122,11,1,0,65,1,0
50520.0,0,112,0,6,2,1,14,3,6,0,56,1,0
80124.0,0,483,84,398,205,84,241,8,1,0,51,1,1
33183.0,1,7,5,39,17,15,37,3,7,1,39,1,1
66582.0,0,789,25,420,16,38,0,9,1,0,45,1,0
75261.0,0,1239,17,413,23,34,17,5,2,1,59,1,1
31880.0,1,4,1,5,2,0,3,2,8,0,44,1,0
53790.0,0,335,42,127,28,5,5,8,6,1,63,1,1
49269.0,1,639,8,166,11,8,58,12,7,1,43,1,1
61456.0,0,563,76,384,84,192,89,13,4,1,39,1,1
37406.0,1,2,0,8,2,2,3,2,8,0,34,1,1
56937.0,1,746,8,125,11,8,8,9,6,1,33,1,1
38415.0,1,22,1,13,4,0,4,3,7,0,36,1,1
20518.0,1,4,1,6,4,1,9,2,5,0,26,1,0
62503.0,0,478,0,193,110,75,117,11,5,1,58,1,1
41644.0,1,20,3,4,2,0,2,3,3,0,42,1,0
55842.0,0,451,0,39,0,4,24,8,5,1,37,1,1
62010.0,0,371,22,39,6,0,92,7,5,1,42,1,1
41124.0,1,281,7,84,15,0,119,4,8,1,37,1,1
38961.0,1,19,7,19,0,1,24,2,7,0,41,1,1
37760.0,1,26,3,13,2,10,0,3,6,0,42,1,0
32233.0,1,138,15,35,25,11,72,2,9,1,40,1,0
43057.0,0,213,2,44,0,2,5,5,5,1,39,1,1
83151.0,0,407,28,100,120,74,18,4,3,1,54,1,1
78825.0,0,483,74,114,169,37,18,13,3,1,50,1,0
65104.0,0,738,0,232,13,20,50,7,7,0,38,1,1
60093.0,0,502,12,109,16,6,90,10,6,1,40,1,1
14045.0,1,11,0,5,2,1,1,3,7,0,45,1,1
28457.0,0,24,1,108,29,29,14,4,8,1,62,1,0
78952.0,0,1170,19,594,99,76,134,12,6,0,56,1,1
46310.0,1,185,2,88,15,5,14,5,8,1,38,1,0
76005.0,0,983,20,389,240,50,40,13,6,0,59,1,1
58308.0,0,691,0,69,10,0,130,3,8,0,50,1,0
55614.0,0,504,13,131,8,0,26,6,7,1,70,1,0
59432.0,0,317,25,265,25,19,12,11,5,1,52,1,0
55563.0,0,29,1,9,2,0,2,3,3,0,36,1,0
78642.0,0,1396,0,322,46,35,17,4,6,1,43,1,1
67911.0,0,529,0,356,63,28,0,11,3,1,65,1,1
65275.0,0,388,14,218,91,14,21,13,2,1,70,1,1
27203.0,1,13,2,21,4,0,24,2,8,0,64,1,1
48330.0,0,28,0,4,0,0,0,3,5,0,53,1,1
24279.0,0,16,36,21,20,62,108,3,8,1,24,0,1
64355.0,1,1047,0,140,67,38,153,12,8,1,29,1,1
50943.0,0,31,0,7,2,0,6,3,5,0,58,1,1
53653.0,0,815,10,239,28,10,108,12,6,1,61,1,0
65665.0,0,225,162,387,106,36,29,8,3,1,38,1,1
81217.0,0,493,70,324,146,40,84,11,1,0,25,1,0
34935.0,0,34,4,66,3,10,20,4,7,0,22,1,1
61250.0,0,382,138,65,60,26,59,12,5,1,55,1,0
39665.0,1,127,1,56,0,1,31,3,7,1,33,1,1
60152.0,0,325,83,300,86,58,91,12,3,1,35,1,0
48920.0,0,238,17,68,8,10,6,5,7,1,50,1,1
89120.0,0,1168,92,408,72,129,55,7,1,1,55,1,1
44124.0,0,284,0,55,0,6,52,5,8,1,68,1,1
81169.0,0,1288,20,613,80,61,27,9,2,1,39,1,0
36443.0,1,65,0,46,4,3,20,3,8,0,53,1,1
26095.0,1,11,7,9,3,1,11,3,7,0,24,1,0
71367.0,0,227,23,389,42,21,75,7,2,1,55,1,1
80184.0,0,1035,134,670,25,38,0,10,3,1,70,1,1
30630.0,1,27,1,12,2,0,10,3,7,0,49,1,0
73454.0,0,982,73,351,56,14,175,6,5,0,27,1,0
42691.0,0,179,2,64,38,17,58,6,5,1,23,1,1
70503.0,0,1379,33,216,0,33,66,9,6,0,61,1,1
25545.0,1,32,1,64,16,12,85,3,6,0,27,1,1
32880.0,1,8,4,15,7,6,2,3,8,0,28,1,1
77863.0,0,881,38,319,16,25,12,10,2,1,56,1,1
50353.0,0,141,15,153,67,31,35,6,3,1,37,1,1
61839.0,0,1000,155,379,224,17,120,4,8,1,50,1,0
49154.0,1,206,10,67,30,27,71,8,6,1,54,1,1
47682.0,0,162,61,83,97,57,61,8,5,1,39,1,0
72679.0,0,619,54,260,127,54,54,5,1,1,45,1,0
57954.0,1,456,4,24,0,0,9,6,7,1,37,1,1
65316.0,1,112,6,92,3,9,38,5,4,0,52,1,1
28567.0,1,11,3,22,2,2,6,3,6,0,32,1,0
47352.0,0,172,12,112,8,0,15,5,7,1,63,1,1
44931.0,0,78,0,11,0,0,7,3,5,0,47,1,1
76982.0,0,464,151,292,65,60,30,4,4,1,47,1,0
57247.0,0,99,4,32,37,54,6,7,2,0,62,1,1
22944.0,1,19,3,19,4,5,26,3,7,0,33,1,0
25315.0,1,1,9,8,11,3,22,3,8,0,37,1,1
43638.0,0,63,10,83,7,19,19,4,7,1,45,1,0
42710.0,1,252,3,42,4,3,102,3,6,1,30,1,0
84169.0,0,1478,19,403,0,19,0,6,3,1,32,1,1
54058.0,0,198,18,252,32,108,54,8,3,1,38,1,1
24683.0,1,8,4,10,6,7,6,4,5,0,24,1,1
85620.0,0,416,46,925,60,107,46,4,1,0,50,1,0
47850.0,1,42,7,43,20,12,10,4,6,0,34,1,1
19514.0,1,14,3,21,2,1,28,2,8,0,46,1,1
27159.0,1,17,0,3,0,0,1,3,6,0,41,1,1
39548.0,1,15,4,10,3,4,18,3,3,0,51,1,0
21474.0,1,6,16,24,11,0,34,2,7,0,25,1,0
60504.0,0,458,0,24,6,4,34,8,6,1,43,1,0
22419.0,0,30,3,47,19,21,42,2,8,0,51,1,1
81698.0,0,179,28,520,111,123,47,13,1,0,65,1,1
43462.0,1,90,17,97,15,6,15,5,8,1,62,1,1
54880.0,1,308,85,137,102,45,118,11,5,1,36,1,0
79908.0,0,557,129,761,29,185,111,7,2,1,32,1,1
15315.0,0,7,4,13,15,8,17,4,5,0,44,1,1
87771.0,0,1492,38,287,50,57,33,4,6,1,55,1,1
33039.0,1,30,8,12,8,8,12,4,5,0,36,1,1
81741.0,0,249,153,940,58,134,38,7,2,1,34,1,0
71499.0,0,465,25,132,136,0,37,13,4,1,43,1,1
62466.0,0,129,129,259,168,121,83,12,4,1,44,1,1
48799.0,0,174,18,81,28,6,24,7,3,0,51,1,0
52157.0,0,189,2,29,3,2,40,5,4,0,64,1,1
66565.0,0,747,10,161,65,40,42,9,8,1,52,1,0
29298.0,1,6,0,2,2,0,1,2,5,0,63,1,1
47691.0,0,14,0,3,0,0,4,2,6,0,35,1,0
38200.0,1,12,0,4,0,0,1,2,7,0,44,1,1
44989.0,0,98,0,106,49,10,106,5,6,1,40,1,1
38443.0,1,32,0,5,0,0,1,3,7,0,46,1,1
38593.0,1,51,12,49,17,24,24,3,8,1,36,1,0
64413.0,0,200,5,44,0,10,20,5,5,1,44,1,1
36959.0,1,25,6,25,6,0,0,3,8,0,33,1,1
61996.0,0,1050,12,144,0,0,24,8,5,1,37,1,1
51287.0,1,117,0,22,13,0,30,3,7,1,46,1,1
13260.0,1,9,4,17,10,2,7,3,8,0,44,1,1
47472.0,1,56,0,11,0,0,8,4,5,0,48,1,1
54603.0,1,145,13,46,17,2,4,4,7,1,58,1,1
45207.0,1,203,0,10,0,0,2,6,6,0,40,1,1
40689.0,0,270,3,27,39,6,99,5,8,1,63,1,1
47821.0,1,9,0,16,6,6,10,3,8,0,47,1,1
27450.0,0,37,12,23,8,11,52,3,7,0,63,1,1
39453.0,1,46,0,7,0,0,2,3,6,0,31,1,1
26850.0,1,31,1,13,7,2,9,4,4,0,43,1,1
79800.0,0,1060,21,530,32,0,224,5,3,1,59,1,0
61794.0,0,264,47,188,54,47,11,10,2,1,53,1,1
53863.0,0,399,4,30,6,4,30,7,7,1,59,1,1
24221.0,0,8,9,9,2,5,22,3,4,0,55,1,1
39684.0,1,19,0,35,6,4,17,2,7,0,30,1,0
92163.0,0,817,183,797,106,163,20,5,2,1,39,1,1
69882.0,0,292,127,635,132,127,165,9,1,0,49,1,0
33178.0,1,12,6,2,11,2,16,3,4,0,37,1,1
59973.0,0,130,30,168,20,34,0,7,1,0,42,1,1
17459.0,1,6,4,16,3,10,30,2,7,0,39,1,1
23910.0,1,16,12,18,7,1,13,3,7,0,45,1,0
42169.0,1,19,0,9,0,0,2,3,8,0,45,1,1
26224.0,1,4,7,15,13,9,15,3,6,0,36,1,1
31089.0,1,31,3,31,2,8,4,4,8,0,33,1,1
30081.0,0,36,0,2,0,0,4,3,7,0,53,1,0
62807.0,0,526,28,135,10,21,99,12,5,1,54,1,1
72906.0,0,400,32,519,71,75,54,9,1,0,59,1,0
61467.0,0,410,16,114,0,5,49,10,5,1,66,1,1
49618.0,1,80,3,26,4,2,14,3,7,0,48,1,1
21888.0,1,88,10,46,2,3,64,2,10,1,28,1,0
42429.0,0,55,0,6,2,0,4,3,5,0,41,1,0
26150.0,2,5,1,13,3,5,1,3,7,0,58,1,0
30801.0,0,8,4,5,15,2,11,3,7,0,39,0,1
81168.0,0,410,0,592,147,22,22,7,3,1,49,1,1
26877.0,0,101,13,76,20,18,40,6,6,0,45,1,0
45006.0,0,162,25,53,16,0,10,7,3,0,70,1,0
18978.0,1,2,8,1,4,7,15,3,8,0,41,0,1
22574.0,2,25,0,8,2,0,2,3,7,0,47,1,1
48240.0,0,389,91,248,64,49,41,13,5,1,45,1,0
45837.0,1,215,13,87,17,17,24,5,7,1,40,1,1
35791.0,2,27,0,5,0,0,3,3,8,0,49,1,0
162397.0,1,85,1,16,2,1,2,1,1,0,38,1,1
54162.0,1,5,6,10,6,5,10,3,4,0,36,1,0
30522.0,0,179,8,83,19,11,26,9,2,0,54,1,1
54456.0,0,352,0,27,10,0,15,7,6,1,53,1,1
31632.0,0,17,8,12,11,15,32,2,7,0,43,1,0
72298.0,0,625,35,169,58,17,35,6,1,1,65,1,0
36975.0,1,10,6,11,0,4,2,3,7,0,36,1,0
72635.0,0,390,22,323,104,35,107,6,3,1,59,1,1
13624.0,1,10,2,15,2,1,6,3,6,0,38,1,1
84196.0,0,215,63,507,231,31,190,7,3,1,39,1,0
70971.0,0,1001,17,572,93,125,17,5,7,1,54,1,1
34487.0,1,19,18,33,24,1,8,3,9,0,37,1,0
28769.0,1,41,5,129,10,3,3,4,9,1,37,1,0
69084.0,1,1181,107,199,39,30,30,13,8,1,44,1,1
65488.0,0,603,45,207,36,18,54,6,1,0,56,1,1
62466.0,0,129,129,259,168,121,83,12,4,1,44,1,1
32218.0,0,10,24,15,13,1,30,3,7,0,54,1,0
83917.0,0,514,22,732,42,198,79,7,3,1,41,1,0
46102.0,2,14,0,1,0,0,1,2,7,0,52,1,0
84574.0,0,387,20,713,38,54,163,11,5,1,62,1,0
56181.0,0,121,103,69,8,44,48,7,4,1,52,1,1
63120.0,0,965,69,279,54,41,69,9,7,1,64,1,0
73691.0,0,707,21,250,85,43,73,8,2,1,43,1,1
63381.0,0,571,50,142,33,50,159,13,2,1,54,1,1
76140.0,0,586,66,653,17,0,26,6,2,1,66,1,1
62859.0,0,1063,89,102,16,12,25,6,6,1,55,1,0
45906.0,0,305,3,27,4,3,144,4,5,1,50,1,0
77632.0,0,1200,105,758,0,42,147,6,2,1,67,1,1
46463.0,1,163,2,40,8,11,11,6,6,0,43,1,1
105471.0,0,1009,181,104,202,21,207,13,3,1,44,1,1
55282.0,1,125,6,73,8,4,19,6,4,0,44,1,0
78710.0,0,721,0,152,119,50,50,12,4,1,37,1,1
66886.0,0,315,4,62,41,31,146,7,5,1,56,1,1
98777.0,0,1000,19,711,125,115,38,9,1,1,54,1,0
29103.0,1,16,0,17,6,3,6,3,9,0,29,1,1
67445.0,0,757,80,217,29,80,11,12,6,1,40,1,1
50616.0,0,30,2,25,0,1,9,4,2,0,64,1,1
49431.0,0,219,3,100,26,0,17,5,8,1,59,1,0
153924.0,0,1,1,1,1,1,1,0,0,0,39,1,0
61278.0,0,111,3,28,2,6,15,4,6,0,61,1,1
26490.0,0,45,47,52,21,20,25,5,6,0,56,1,1
73059.0,0,410,112,420,0,82,71,13,4,1,67,1,1
46734.0,1,100,1,39,6,1,76,3,6,0,48,1,0
56253.0,0,509,0,65,7,11,5,9,6,1,51,1,1
19986.0,1,3,6,5,0,2,6,3,7,0,29,1,1
58330.0,0,445,53,213,104,98,151,13,4,1,39,1,0
25965.0,0,2,2,11,41,7,11,3,8,0,34,0,1
14661.0,0,4,1,11,6,2,2,3,6,0,58,1,1
18690.0,0,6,1,7,23,4,19,2,8,0,55,1,1
45068.0,0,14,0,3,0,0,3,2,7,0,40,1,1
21063.0,1,1,10,11,19,3,15,3,6,0,27,0,0
29187.0,1,26,0,6,0,0,2,3,8,0,46,1,1
54690.0,1,111,16,37,7,9,18,5,3,0,43,1,1
59304.0,0,418,61,428,80,51,10,10,5,1,50,1,1
59247.0,0,327,9,122,19,14,83,9,6,1,52,1,0
66731.0,0,371,159,194,58,106,141,6,3,1,44,1,0
77353.0,0,275,59,107,69,101,59,8,4,1,34,1,1
52614.0,0,789,0,142,12,9,38,8,8,0,39,1,0
26751.0,2,1,1,5,0,3,1,2,8,0,40,1,1
81300.0,0,1004,12,145,32,12,36,5,5,1,51,1,1
70337.0,0,187,81,149,25,43,91,12,1,0,35,1,0
36145.0,1,56,4,76,17,1,18,3,9,1,29,1,1
65295.0,0,365,32,117,34,110,6,13,2,0,34,1,0
68118.0,0,595,23,123,10,23,154,4,6,1,51,1,0
68743.0,0,1132,134,384,175,134,115,13,7,1,47,1,0
41039.0,0,34,11,137,179,61,45,5,8,1,32,1,1
38946.0,0,116,6,82,6,6,41,6,5,0,59,1,1
65777.0,0,565,32,435,28,32,54,6,1,0,47,1,1
66476.0,0,372,18,126,47,48,78,11,4,1,38,1,0
86857.0,0,899,102,838,133,102,40,10,2,1,42,1,0
160803.0,0,55,16,1622,17,3,4,1,0,0,32,1,1
77845.0,0,760,40,480,0,40,26,12,1,0,25,1,1
69476.0,0,260,86,559,63,9,67,4,2,1,45,1,1
50611.0,0,459,0,24,6,0,4,7,6,1,54,1,0
61209.0,0,466,0,224,119,49,99,4,2,1,44,1,0
42315.0,0,67,15,80,17,11,80,4,3,0,56,1,1
13084.0,0,2,0,7,3,7,10,3,6,0,62,0,1
47570.0,1,67,1,20,0,2,31,2,7,0,65,1,0
61923.0,0,92,4,18,3,3,6,4,3,0,53,1,1
34824.0,0,4,2,11,2,0,4,2,6,0,19,1,0
26518.0,1,20,1,28,3,3,2,3,8,0,65,1,0
45938.0,0,273,11,178,62,83,29,6,6,1,53,1,0
78468.0,0,434,22,388,104,22,34,10,4,1,54,1,1
78901.0,0,321,11,309,33,26,34,5,4,1,41,1,0
71427.0,2,212,123,177,15,64,23,8,4,1,36,1,1
71022.0,0,909,12,278,0,12,242,11,8,1,36,1,0
90247.0,0,1184,32,352,21,16,16,7,1,0,26,1,0
41335.0,1,112,19,21,16,14,5,4,7,1,46,1,0
71952.0,1,656,80,455,52,107,93,8,4,1,28,1,1
35682.0,1,23,0,8,6,2,18,3,2,0,44,1,0
43185.0,0,537,6,42,16,6,30,6,8,1,63,1,0
66375.0,0,712,0,45,0,0,191,5,7,0,66,1,1
35178.0,1,23,1,13,2,2,18,2,7,0,43,1,1
25252.0,1,1,3,4,2,2,6,2,8,0,28,1,1
55250.0,0,664,58,83,32,0,66,10,5,1,49,1,0
33249.0,1,6,10,21,19,14,42,3,6,0,39,1,0
58398.0,0,299,5,201,21,21,49,8,4,1,61,1,1
50272.0,1,99,13,66,43,8,4,5,7,1,32,1,1
76618.0,0,749,40,294,121,160,147,5,1,0,39,1,1
87305.0,0,345,25,501,63,138,80,8,2,1,54,1,0
25851.0,1,9,4,18,7,5,5,3,7,0,36,1,1
58710.0,0,440,81,368,0,122,174,9,6,1,44,1,0
45160.0,1,8,2,5,3,0,3,2,7,0,56,1,0
74806.0,0,670,9,249,0,28,9,5,4,1,49,1,1
59111.0,0,524,0,134,28,28,155,8,7,1,60,1,1
18988.0,1,6,0,6,2,1,1,3,7,0,30,1,1
72190.0,0,597,166,597,172,166,249,4,3,1,49,1,1
7500.0,1,7,0,12,13,7,32,2,9,1,38,1,1
44794.0,0,54,0,7,0,0,4,3,6,0,48,1,1
80395.0,0,445,25,706,80,76,48,12,2,1,59,1,1
75012.0,0,294,142,218,164,58,151,11,1,0,38,1,0
56962.0,2,292,3,77,10,3,26,5,7,1,49,1,1
89891.0,0,412,22,132,59,28,183,8,4,1,23,1,1
35946.0,1,8,0,3,0,0,0,3,5,0,65,1,0
53593.0,1,349,4,78,6,0,43,6,8,1,61,1,1
66373.0,1,328,9,124,12,24,109,10,3,1,36,1,1
45072.0,1,144,2,99,7,2,30,4,8,1,66,1,0
89694.0,1,1126,28,211,37,28,42,4,5,1,41,1,0
72025.0,0,967,0,617,43,50,0,13,2,1,65,1,1
67432.0,0,432,79,341,177,136,170,4,4,1,41,1,1
70545.0,0,138,39,63,55,18,21,7,2,1,62,1,1
17487.0,1,0,0,1,7,4,6,2,7,0,25,0,1
62882.0,0,509,133,497,78,24,97,6,4,1,45,1,1
64108.0,0,948,10,86,13,21,21,11,5,1,61,1,0
34941.0,1,39,2,25,4,3,24,3,8,0,58,1,1
48767.0,1,28,1,21,3,0,10,3,5,0,64,1,0
38702.0,1,13,11,24,13,8,40,4,6,0,36,1,1
82224.0,0,307,26,360,138,31,40,5,3,1,50,1,1
83844.0,0,901,31,345,75,31,191,11,1,1,62,1,1
17003.0,1,2,5,12,4,8,7,4,5,0,39,1,1
71163.0,0,283,17,372,138,106,44,12,1,0,19,1,0
33697.0,1,4,3,7,0,3,11,2,7,0,44,1,0
63564.0,0,769,80,252,15,34,65,7,6,1,60,1,1
83443.0,0,518,42,742,55,56,84,5,2,1,42,1,1
51518.0,0,350,8,66,17,4,4,10,3,0,56,1,1
58330.0,0,445,53,213,104,98,151,13,4,1,39,1,0
80952.0,0,778,178,689,41,27,44,11,8,1,45,1,1
75507.0,0,709,93,374,104,80,80,6,3,1,35,1,1
63855.0,0,359,35,314,93,116,89,13,4,1,36,1,1
62220.0,0,799,12,375,16,12,12,5,6,1,42,1,1
58512.0,0,895,10,101,13,0,152,8,8,0,50,1,1
40662.0,1,40,2,23,0,4,23,3,4,0,35,1,1
38829.0,0,76,0,7,0,0,16,2,5,0,55,1,1
35523.0,1,11,5,22,12,5,11,3,7,0,33,1,1
79146.0,1,245,16,223,21,43,16,8,6,1,47,1,0
78285.0,0,647,107,391,175,67,40,10,3,1,26,1,1
31626.0,1,39,1,9,2,1,34,2,7,0,36,1,0
75127.0,0,203,35,305,46,17,227,5,1,0,62,1,0
48726.0,0,138,3,38,4,0,59,4,6,0,59,1,1
74985.0,0,587,51,898,247,0,86,7,2,0,37,1,1
67430.0,0,595,97,291,127,133,121,12,6,1,27,1,1
46891.0,0,43,12,23,29,15,61,4,4,0,49,1,1
62058.0,0,301,7,74,10,0,58,7,6,1,58,1,1
72063.0,0,180,32,348,76,32,90,12,2,1,35,1,1
78939.0,0,794,115,243,150,0,205,6,3,1,63,1,1
42720.0,1,392,5,91,28,26,112,7,8,1,49,1,0
33622.0,1,39,1,22,3,4,12,4,7,0,42,1,1
6835.0,0,107,2,12,2,2,12,1,20,0,57,1,1
41452.0,1,13,0,3,0,0,0,2,7,0,61,1,1
40760.0,0,70,0,17,0,0,6,3,6,0,49,1,0
74250.0,0,680,11,392,75,0,0,4,1,0,56,1,1
51124.0,1,26,1,11,0,1,4,3,3,0,59,1,0
72258.0,0,522,0,522,227,120,134,5,2,1,43,1,0
71466.0,0,412,12,546,78,182,0,10,1,1,40,1,0
36283.0,1,6,5,5,8,0,5,3,4,0,38,1,1
20587.0,1,2,3,6,4,1,9,2,7,0,44,1,0
30467.0,1,1,3,8,2,5,5,2,7,0,42,1,1
31590.0,1,6,2,15,6,6,3,3,8,0,42,1,1
20425.0,1,4,12,5,3,16,17,3,7,0,28,0,1
17144.0,1,18,2,19,0,2,6,4,7,0,54,1,1
42564.0,0,324,48,186,39,18,198,4,7,1,46,1,0
43783.0,1,327,9,125,25,4,139,8,7,1,36,1,1
40780.0,0,229,27,71,13,3,34,5,9,1,38,1,0
62847.0,0,521,168,706,80,76,61,4,2,0,69,1,1
82017.0,0,184,23,446,30,23,23,7,2,1,57,1,1
16813.0,0,4,8,11,12,2,13,3,7,0,64,1,0
51267.0,1,183,2,64,7,2,12,5,4,0,36,1,1
46524.0,0,31,19,35,26,14,52,5,3,0,53,1,0
45183.0,0,219,3,60,12,9,12,7,7,1,52,1,0
70421.0,0,479,28,136,75,14,35,7,6,1,60,1,1
60161.0,0,584,44,212,46,8,177,8,8,1,49,1,0
73926.0,0,627,91,597,159,91,15,12,3,1,41,1,1
19329.0,1,24,1,16,12,2,5,3,8,1,46,1,1
61872.0,0,330,5,159,36,27,16,9,4,1,44,1,1
46984.0,1,19,1,10,2,1,8,3,5,0,58,1,0
34838.0,1,28,23,29,29,14,47,4,6,0,63,1,1
82716.0,0,606,148,228,15,148,22,13,2,1,70,1,0
48192.0,0,1039,43,204,153,58,29,12,8,0,56,1,1
49681.0,0,411,0,26,0,0,21,7,7,1,38,1,1
56850.0,0,34,1,19,2,7,0,3,2,0,43,1,1
55267.0,0,161,28,136,32,3,45,6,3,0,57,1,1
59666.0,1,623,53,178,23,17,133,8,8,0,42,1,1
72504.0,0,604,26,470,123,161,94,6,2,1,42,1,0
26872.0,0,3,10,8,3,16,32,2,6,0,33,1,1
21359.0,1,12,2,17,6,1,10,3,8,0,42,1,0
73170.0,0,184,174,256,50,30,32,6,2,1,39,1,0
52750.0,0,393,0,239,90,69,69,9,4,1,59,1,1
91820.0,0,410,73,747,76,161,30,12,1,1,28,1,1
65968.0,0,376,9,83,19,4,4,7,3,1,44,1,1
30772.0,1,7,2,4,2,1,4,2,6,0,38,1,1
22507.0,0,68,0,226,51,157,68,4,9,1,60,1,0
65685.0,0,642,14,49,0,7,57,9,5,1,42,1,1
25804.0,1,8,7,9,13,6,12,3,8,0,36,1,1
76412.0,0,840,53,804,23,71,17,8,3,1,34,1,0
22063.0,1,7,10,13,3,11,11,3,7,0,42,1,1
57091.0,0,464,5,64,7,0,37,7,5,1,53,1,0
22419.0,0,30,3,47,19,21,42,2,8,0,51,1,1
87771.0,0,1492,38,287,50,57,33,4,6,1,55,1,1
78353.0,0,752,122,476,39,153,34,11,8,1,55,1,0
93404.0,1,1279,15,287,20,0,15,7,5,0,60,1,1
37859.0,1,22,1,8,2,1,2,3,8,0,52,1,0
80995.0,0,860,28,409,73,56,56,4,4,1,56,1,0
16529.0,1,3,0,5,13,0,1,3,6,0,30,1,1
55412.0,1,10,5,28,11,1,8,3,5,0,38,1,0
48789.0,0,351,16,156,7,5,145,7,6,1,22,1,0
56575.0,0,421,5,90,0,16,10,7,5,1,47,1,1
25130.0,1,2,5,7,0,18,18,3,7,0,34,1,1
35441.0,1,25,1,9,2,1,1,3,8,0,47,1,1
71391.0,0,336,123,274,46,123,141,12,3,1,58,1,1
49494.0,1,191,9,97,0,6,82,5,7,1,42,1,0
81702.0,0,563,50,774,28,31,187,12,3,1,34,1,0
45889.0,0,31,0,6,0,1,8,3,6,0,34,1,0
56628.0,0,479,5,82,7,17,171,5,5,1,37,1,0
34026.0,1,18,6,15,12,8,17,3,5,0,64,1,1
40049.0,0,91,65,52,10,44,28,6,5,0,40,1,1
34176.0,1,5,7,24,19,14,20,4,6,0,26,1,0
19419.0,1,2,14,28,16,3,7,3,9,1,33,1,1
82504.0,0,362,50,431,134,35,54,7,1,0,54,1,1
81205.0,0,724,74,929,97,55,130,7,2,1,44,1,1
61618.0,0,605,91,399,0,45,205,8,3,0,23,1,0
55284.0,0,547,7,140,0,7,63,8,5,1,58,1,0
49980.0,0,104,1,54,13,9,14,5,5,0,51,1,0
15072.0,2,8,2,15,0,10,18,3,5,0,34,1,1
49166.0,0,224,2,25,7,0,110,3,6,1,40,1,0
65324.0,0,384,0,102,21,32,5,9,4,1,60,1,1
82347.0,0,556,54,845,202,133,63,10,3,1,57,1,1
30843.0,1,24,0,2,0,0,9,2,5,0,48,1,1
46374.0,0,408,0,21,0,0,17,7,8,1,40,1,1
60474.0,0,265,199,303,234,9,170,12,7,1,35,1,0
38576.0,0,34,0,7,0,0,0,3,7,0,41,1,1
55357.0,2,374,64,116,84,25,64,11,5,1,29,1,1
37758.0,1,27,2,10,0,0,1,3,8,0,48,1,1
85710.0,0,600,20,350,29,30,33,10,2,1,25,1,1
23228.0,1,13,2,18,6,1,0,3,8,0,45,1,1
44602.0,1,167,2,89,0,0,34,4,8,1,45,1,1
7500.0,0,0,2,3,4,1,5,3,6,0,27,1,1
38683.0,1,46,35,69,84,41,66,6,7,1,25,1,1
49514.0,1,88,39,78,58,13,93,4,7,1,39,1,0
57906.0,0,243,11,119,10,3,15,8,4,1,41,1,1
43456.0,0,275,11,68,25,7,7,8,5,1,48,1,0
19485.0,2,6,0,4,0,0,0,2,7,0,28,1,0
53172.0,0,121,62,90,68,20,125,8,3,0,36,1,1
30545.0,1,4,12,15,19,7,12,3,7,0,35,1,1
70123.0,0,1308,0,396,23,0,0,4,3,1,31,1,1
62450.0,0,515,47,267,62,66,38,4,3,1,55,1,0
21675.0,1,4,0,16,17,4,4,3,7,1,38,1,1
42395.0,1,48,13,57,24,15,25,4,7,0,33,1,0
61346.0,1,562,58,168,43,16,142,10,3,1,36,1,1
80812.0,0,769,22,500,210,143,33,5,2,1,61,1,1
42835.0,1,379,4,93,12,9,98,4,6,1,43,1,0
39922.0,1,29,12,59,19,1,36,4,8,0,31,1,1
86424.0,0,387,68,569,89,45,68,12,1,1,58,1,0
17117.0,1,12,23,38,30,18,7,3,9,0,36,1,1
24762.0,1,6,10,12,3,15,40,2,8,0,42,1,0
35797.0,0,27,1,14,4,1,21,3,8,0,39,1,1
36627.0,2,9,1,5,0,0,1,3,5,0,39,1,0
51111.0,1,22,0,19,6,5,3,3,6,0,33,1,1
86857.0,0,899,102,838,133,102,40,10,2,1,42,1,0
82072.0,0,889,55,685,168,92,129,13,1,0,44,1,1
46231.0,2,189,2,55,0,5,12,4,9,1,61,1,0
42243.0,1,48,0,2,0,0,5,3,7,0,55,1,1
51195.0,1,230,14,156,82,24,58,5,8,1,52,1,1
68092.0,0,852,60,207,78,36,48,10,5,0,36,1,0
31814.0,1,35,3,20,4,1,20,3,9,0,41,1,1
51390.0,1,205,20,47,23,2,56,5,5,1,49,1,0
76630.0,0,255,31,446,40,56,175,11,1,0,31,1,1
26868.0,1,0,0,1,8,3,2,2,7,0,23,0,0
48948.0,0,437,8,206,160,49,42,5,6,1,71,1,0
55260.0,0,825,8,53,11,0,242,5,6,1,42,1,0
64090.0,0,316,58,161,76,51,135,4,5,1,58,1,1
78331.0,0,756,138,354,160,169,61,7,4,1,56,1,0
37087.0,1,194,55,134,15,0,3,8,6,1,40,1,1
21846.0,1,7,17,18,6,10,26,3,8,1,28,1,0
81320.0,0,183,33,493,59,103,57,10,2,1,56,1,1
54137.0,0,171,0,11,0,1,20,4,6,1,44,1,0
66825.0,0,243,101,405,29,40,40,6,2,1,47,1,1
57100.0,0,181,21,69,39,3,96,6,3,0,41,1,1
58917.0,1,151,7,89,0,7,28,6,5,1,45,1,1
85072.0,0,494,92,391,194,11,241,10,0,0,37,1,0
86429.0,0,464,28,873,29,18,37,7,2,1,53,1,0
45684.0,1,5,1,5,10,0,7,2,7,0,43,1,0
47889.0,1,29,0,29,0,5,4,3,5,0,40,1,1
45921.0,0,102,9,49,24,3,12,6,4,0,28,1,1
78420.0,0,604,28,674,91,28,28,8,1,0,48,1,0
75114.0,0,571,12,523,63,60,24,5,2,0,22,1,1
52278.0,0,953,0,71,0,0,174,10,8,1,51,1,0
35641.0,1,63,3,67,8,9,28,4,7,0,42,1,1
95529.0,0,770,29,890,250,27,24,7,3,1,20,1,0
62820.0,0,398,61,265,138,61,53,6,1,0,60,1,1
73113.0,0,741,19,154,50,9,28,7,2,0,54,1,1
84169.0,0,1478,19,403,0,19,0,6,3,1,32,1,1
42607.0,0,156,29,56,30,32,47,7,3,0,60,1,0
74637.0,0,960,64,464,146,0,16,9,3,1,60,1,0
46015.0,1,38,0,2,0,0,6,3,7,0,59,1,1
72354.0,0,315,26,473,220,12,182,6,1,0,21,1,0
39858.0,1,15,20,25,2,7,26,4,6,0,45,1,0
34469.0,1,19,6,20,0,5,12,4,4,0,66,1,1
83033.0,1,812,99,431,237,149,33,10,5,1,28,1,1
24401.0,0,73,28,217,10,24,115,6,8,1,35,1,1
77583.0,0,372,23,384,250,12,108,9,2,1,36,1,1
74116.0,0,871,111,704,145,55,166,10,2,1,32,1,0
74293.0,0,375,152,335,93,91,81,6,2,1,21,1,0
68397.0,0,760,80,466,17,13,80,5,3,1,38,1,1
79632.0,0,471,0,510,99,21,12,9,2,1,40,1,1
46107.0,1,31,9,27,16,9,33,4,3,0,25,1,0
64950.0,0,819,0,72,12,0,63,10,7,1,63,1,0
25443.0,1,1,4,3,8,9,7,3,8,0,25,0,1
75127.0,0,203,35,305,46,17,227,5,1,0,62,1,0
32892.0,1,26,0,15,2,1,2,3,8,0,43,1,1
71796.0,0,354,21,311,167,75,32,4,4,1,43,1,1
67536.0,0,1253,0,447,23,71,35,11,8,1,44,1,1
55239.0,0,371,17,238,23,24,106,11,5,1,43,1,0
60554.0,1,588,7,76,110,15,15,9,6,1,39,1,0
64831.0,1,480,86,249,75,86,144,5,6,1,62,1,0
56067.0,0,517,12,54,16,6,120,7,5,1,52,1,1
82025.0,0,267,98,606,48,70,98,6,1,0,31,1,0
94384.0,0,1111,24,790,160,45,172,5,2,1,61,1,1
14906.0,0,7,7,14,7,16,15,3,7,0,28,0,0
51563.0,0,1166,0,48,0,0,36,10,8,1,27,1,1
57937.0,0,261,42,144,55,48,133,9,3,1,32,1,1
68274.0,1,135,25,51,23,25,46,5,3,1,35,1,0
39771.0,1,6,2,18,2,8,14,3,4,0,37,1,1
67893.0,0,711,28,142,49,18,47,9,8,0,39,1,0
27922.0,1,11,0,13,2,4,11,3,4,0,35,1,1
52190.0,1,42,0,17,0,0,18,3,5,0,38,1,1
44051.0,1,79,7,58,6,3,18,4,6,0,41,1,0
42767.0,2,20,6,43,19,5,38,2,8,0,43,1,0
46106.0,1,30,0,8,2,0,14,2,6,0,38,1,1
16927.0,1,20,2,23,3,1,4,4,8,0,38,1,1
59754.0,0,115,27,44,4,146,139,6,5,1,49,1,1
53700.0,0,263,5,233,69,41,83,8,5,1,62,1,0
59041.0,1,69,2,15,2,2,6,4,5,0,41,1,1
54237.0,0,267,3,30,4,0,57,5,6,1,57,1,0
70647.0,0,561,85,171,25,123,114,13,2,1,47,1,0
52597.0,0,492,0,37,7,0,42,8,5,1,52,1,0
41021.0,1,14,7,9,6,16,12,3,6,0,45,1,1
40233.0,0,80,4,46,0,17,2,5,6,0,39,1,1
50183.0,1,97,12,84,13,10,15,6,5,0,34,1,1
54753.0,0,197,107,227,7,59,131,11,4,1,55,1,1
92955.0,0,693,21,925,31,24,84,9,2,1,41,1,1
33471.0,1,43,2,27,0,9,12,4,7,0,41,1,1
34596.0,1,14,0,2,0,0,7,2,8,0,40,1,1
44010.0,1,186,36,234,86,72,48,6,9,1,34,1,1
84219.0,0,434,137,400,45,137,45,10,1,0,26,1,1
40706.0,2,59,0,11,4,2,5,4,7,0,46,1,1
15716.0,1,16,5,30,8,7,26,4,8,0,26,1,1
59052.0,0,230,35,75,63,57,31,7,5,1,55,1,0
80573.0,0,829,138,430,60,92,15,13,2,1,43,1,1
83715.0,0,318,8,407,150,35,8,13,0,0,52,1,1
82576.0,0,1206,55,445,168,18,18,12,1,0,55,1,1
56962.0,2,292,3,77,10,3,26,5,7,1,49,1,1
35704.0,1,30,9,12,2,11,30,4,4,0,62,1,1
53103.0,0,729,17,133,11,0,195,7,7,1,60,1,1
46779.0,1,12,1,3,0,0,7,2,4,0,54,1,0
4861.0,0,2,1,1,1,0,1,0,14,0,49,1,0
33462.0,1,22,3,18,0,0,11,3,7,0,35,1,0
63693.0,0,587,43,337,42,87,54,9,6,1,36,1,0
80763.0,0,674,168,108,192,42,231,6,3,1,64,1,1
65352.0,0,284,3,84,4,7,23,8,4,1,40,1,1
82170.0,0,1023,93,651,49,55,37,7,2,1,36,1,1
75759.0,0,1394,22,708,89,91,182,9,5,1,45,1,1
79689.0,0,311,26,640,180,37,121,13,2,1,38,1,0
35340.0,1,27,0,12,0,1,5,3,5,0,58,1,0
85683.0,0,1296,17,311,45,69,51,10,1,0,60,1,0
24884.0,1,3,6,7,0,0,3,3,7,0,42,1,1
42021.0,1,393,5,136,7,5,27,6,9,1,33,1,1
64449.0,1,218,63,282,137,35,70,12,4,1,25,1,0
64587.0,1,66,0,16,0,6,20,4,3,0,60,1,0
34824.0,0,4,2,11,2,0,4,2,6,0,19,1,0
75437.0,0,795,0,545,95,58,0,10,6,1,36,1,1
26091.0,1,15,10,19,8,17,20,3,5,0,57,1,1
52845.0,1,384,25,292,130,41,64,6,6,1,41,1,1
46086.0,0,244,8,32,7,2,50,8,4,0,58,1,0
78028.0,0,158,19,288,25,0,38,9,7,1,58,1,0
95169.0,0,1285,21,449,106,20,20,4,1,1,27,1,0
56337.0,1,349,16,144,28,5,182,4,8,1,33,1,1
22434.0,1,4,12,11,3,13,15,3,8,0,27,1,1
36930.0,0,223,2,31,0,2,39,4,8,1,60,1,1
36130.0,0,157,43,127,68,56,37,4,4,0,60,1,0
65569.0,0,397,46,288,20,38,70,10,3,1,61,1,1
83844.0,0,901,31,345,75,31,191,11,1,1,62,1,1
19514.0,1,14,3,21,2,1,28,2,8,0,46,1,1
36736.0,1,10,0,3,0,0,4,2,6,0,51,1,0
77568.0,0,1230,0,396,232,178,158,8,5,1,35,1,1
49187.0,0,81,1,31,2,1,0,5,2,0,38,1,1
30168.0,1,154,20,66,0,12,27,4,9,1,36,1,0
34053.0,0,63,0,21,7,0,12,3,8,0,46,1,1
38196.0,1,30,0,11,0,0,3,4,5,0,43,1,1
59412.0,0,90,67,165,30,43,11,8,3,1,63,1,1
70924.0,0,635,114,254,132,152,76,7,3,1,49,1,1
54165.0,0,127,4,73,15,6,11,7,2,0,45,1,1
32300.0,1,13,3,6,6,5,6,3,8,0,41,1,1
20180.0,0,18,42,24,15,20,18,4,7,0,38,1,0
34961.0,1,45,2,26,4,1,1,3,7,0,41,1,1
28440.0,1,38,1,24,0,0,0,3,8,0,40,1,1
64504.0,1,986,36,168,16,0,108,4,7,1,61,1,1
33564.0,0,61,0,3,0,0,7,3,5,0,48,1,1
17345.0,1,4,9,16,17,0,12,2,8,0,36,1,1
56320.0,0,201,53,172,116,77,83,9,4,1,47,1,1
28647.0,1,19,8,29,0,12,26,2,7,0,36,1,0
15038.0,1,4,8,11,19,12,26,2,9,0,27,0,0
32173.0,0,18,0,2,0,0,2,3,4,0,56,1,0
68316.0,0,806,80,161,120,11,33,10,6,1,50,1,1
74538.0,0,380,98,733,110,112,28,5,3,1,43,1,1
91700.0,0,576,172,961,125,115,19,5,3,1,43,1,0
68695.0,0,458,81,356,106,50,40,7,2,1,45,1,1
31056.0,1,5,10,13,3,8,16,3,8,0,37,1,1
79593.0,0,350,60,568,110,133,145,7,2,1,41,1,1
28071.0,0,39,33,130,41,26,44,5,8,1,34,1,0
37334.0,1,26,1,16,2,2,15,4,4,0,56,1,1
46423.0,1,68,0,16,0,0,8,4,7,0,42,1,0
37126.0,1,45,3,9,4,4,7,2,6,0,43,1,1
47703.0,0,359,0,134,13,26,123,8,5,1,61,1,1
61180.0,0,403,24,29,6,24,218,6,3,1,55,1,1
38998.0,1,34,1,14,0,0,5,3,8,0,60,1,1
8028.0,0,73,18,66,7,12,2,0,19,0,23,1,0
76081.0,0,292,30,415,63,33,200,4,2,1,52,1,1
34728.0,1,14,0,16,0,0,6,2,6,0,28,1,1
33168.0,0,80,1,37,0,1,3,4,7,0,49,1,0
33585.0,0,30,11,33,13,6,29,4,4,0,48,1,1
77037.0,0,463,96,333,168,53,10,12,3,1,54,1,1
35196.0,1,75,12,141,43,39,187,5,8,1,30,1,1
44529.0,0,538,13,91,17,6,26,11,5,1,48,1,1
70924.0,0,635,114,254,132,152,76,7,3,1,49,1,1
28764.0,1,8,0,3,0,0,1,2,8,0,48,1,1
69098.0,0,1315,22,780,145,0,178,9,5,1,65,1,1
25959.0,1,4,2,12,7,5,26,2,6,0,44,1,0
27100.0,1,12,0,13,2,0,10,3,7,0,31,1,1
70596.0,0,347,44,534,17,0,26,12,2,0,29,1,0
42557.0,0,192,5,53,0,5,15,4,8,1,40,1,1
53312.0,0,241,0,12,0,0,25,5,7,1,63,1,1
72228.0,0,631,28,491,30,14,56,8,3,1,62,1,0
67605.0,0,336,28,282,184,54,54,6,1,0,27,1,1
62845.0,1,1099,0,45,0,0,34,10,8,0,65,1,1
65196.0,0,743,19,181,12,0,200,11,5,1,56,1,1
42000.0,0,124,83,267,85,59,35,11,5,1,27,1,0
35860.0,1,15,0,8,4,2,20,2,5,0,41,1,0
65526.0,0,397,19,69,12,0,9,8,2,1,50,1,1
16860.0,1,10,4,4,3,3,14,3,7,0,53,1,1
83528.0,0,530,117,678,134,44,147,8,1,1,22,1,0
64176.0,0,1215,33,249,64,116,149,8,6,1,49,1,0
22304.0,0,3,2,7,0,4,2,2,8,0,58,1,0
67023.0,0,444,44,382,11,8,17,13,2,0,36,1,1
32892.0,1,26,0,15,2,1,2,3,8,0,43,1,1
70713.0,0,736,114,279,82,76,190,8,3,1,48,1,1
59925.0,0,473,21,176,19,21,56,9,6,1,59,1,1
39722.0,0,32,0,5,2,0,8,3,5,0,61,1,1
46610.0,0,288,10,30,4,10,125,6,6,1,56,1,1
88347.0,0,1050,178,555,77,138,118,9,1,1,53,1,1
87171.0,0,1001,44,107,58,44,44,11,2,1,33,1,1
26907.0,1,9,1,7,0,3,2,3,7,0,38,1,1
50014.0,1,234,14,77,19,10,42,8,5,1,46,1,0
41014.0,1,7,2,6,2,0,3,2,7,0,36,1,1
66294.0,0,251,108,334,65,92,117,5,2,1,49,1,0
36715.0,1,172,10,125,21,13,16,4,9,1,43,1,1
79456.0,0,565,42,548,64,83,99,4,3,1,58,1,1
40479.0,1,5,0,8,2,0,0,3,4,0,32,1,1
75345.0,0,918,57,842,99,38,133,6,3,1,44,1,0
54233.0,0,652,8,158,21,0,142,5,8,1,37,1,1
24163.0,1,4,1,7,2,1,2,3,4,0,44,1,0
84460.0,0,152,27,103,106,54,81,4,5,1,56,1,1
43776.0,1,8,0,9,2,1,3,2,6,0,31,1,1
71691.0,0,336,130,411,240,32,43,5,2,1,56,1,0
85844.0,0,938,19,843,25,95,38,7,2,1,41,1,1
39190.0,1,68,8,18,19,8,12,4,5,0,40,1,0
71367.0,0,227,23,389,42,21,75,7,2,1,55,1,1
38578.0,1,38,4,22,3,3,3,3,8,0,42,1,0
57236.0,1,105,0,9,2,1,4,4,3,0,49,1,1
61825.0,0,162,50,100,55,30,27,8,4,1,35,1,0
79803.0,0,574,8,216,21,16,33,5,1,1,56,1,0
80910.0,0,160,80,369,67,39,41,8,1,0,28,1,0
27590.0,1,6,0,5,0,0,1,2,7,0,32,1,1
56775.0,0,614,35,160,58,35,35,10,5,1,35,1,1
83829.0,0,897,161,430,186,161,27,6,1,1,39,1,0
54210.0,0,70,54,109,80,9,45,7,5,1,35,1,1
38508.0,1,120,19,206,25,19,54,5,8,1,28,1,1
53187.0,1,211,2,30,7,7,10,6,5,1,44,1,1
30023.0,1,11,0,16,7,6,21,3,8,0,42,1,1
76045.0,0,760,53,400,17,93,0,11,2,1,54,1,0
50870.0,0,53,0,8,0,0,2,3,5,0,62,1,1
15315.0,0,7,4,13,15,8,17,4,5,0,44,1,1
65463.0,1,391,32,70,21,32,16,9,5,1,40,1,1
66480.0,1,199,9,57,20,21,6,7,4,1,49,1,1
76773.0,0,516,56,449,86,33,16,11,1,0,60,1,0
81698.0,0,709,45,115,30,160,45,5,5,1,31,1,0
54466.0,1,12,0,4,0,0,0,2,5,0,41,1,0
98777.0,0,1000,19,711,125,115,38,9,1,1,54,1,0
16269.0,1,19,3,18,3,1,0,3,8,0,30,1,0
71819.0,0,1224,28,140,0,14,168,5,6,0,43,1,1
33569.0,1,16,2,18,3,0,24,2,8,0,31,1,1
36262.0,0,88,39,54,64,28,153,3,6,0,31,1,1
22634.0,0,2,23,11,8,6,46,2,8,0,48,0,1
47025.0,0,508,11,59,23,5,29,6,9,1,36,1,1
70566.0,0,381,28,215,84,28,21,9,3,1,46,1,0
31605.0,1,74,0,42,2,1,6,4,7,0,35,1,1
52034.0,1,146,0,93,7,13,73,5,7,1,41,1,0
48526.0,1,23,17,23,43,20,9,4,3,0,35,1,0
46734.0,0,110,5,137,26,23,29,5,7,1,60,1,1
39552.0,1,165,3,147,4,24,41,5,8,1,52,1,0
86358.0,1,957,47,494,82,47,95,6,8,1,48,1,0
46931.0,2,41,0,17,3,1,16,3,3,0,37,1,1
16581.0,0,1,3,4,2,3,11,3,4,0,29,0,0
63998.0,0,176,29,818,0,33,112,11,4,1,62,1,0
67381.0,0,815,8,53,11,0,70,9,7,0,63,1,1
25930.0,1,6,1,2,2,0,4,2,7,0,47,1,0
42693.0,1,8,4,20,6,3,16,3,5,0,36,1,1
85606.0,0,717,42,864,219,30,84,9,3,1,38,1,1
72903.0,0,1067,138,750,0,19,39,8,4,1,29,1,0
49669.0,1,166,5,107,11,8,29,6,6,1,40,1,1
36778.0,1,29,4,34,2,4,4,3,9,0,46,1,1
85696.0,0,714,76,395,116,0,12,9,1,1,52,1,0
10979.0,0,8,4,10,2,2,4,3,5,0,25,1,0
49678.0,0,229,5,56,3,2,20,4,7,1,53,1,1
56129.0,0,320,48,133,39,72,48,10,4,1,61,1,1
37155.0,1,23,0,26,7,15,3,4,5,0,25,1,1
21282.0,1,1,5,8,4,8,20,2,6,0,36,1,0
33419.0,0,56,0,12,0,0,18,4,7,0,52,1,0
63285.0,0,508,124,249,50,38,134,13,3,1,69,1,0
21255.0,1,29,0,25,2,2,3,4,4,0,40,1,1
42162.0,1,46,7,59,2,4,27,3,6,0,33,1,1
54450.0,1,454,0,171,8,19,32,8,8,1,58,1,1
57744.0,0,350,3,39,0,0,19,4,8,1,60,1,1
26576.0,1,10,0,8,0,0,9,2,9,0,28,1,0
57513.0,0,735,40,183,52,20,30,13,6,1,71,1,0
68142.0,0,897,126,196,91,112,37,7,6,1,50,1,1
7500.0,0,5,2,3,3,0,5,2,8,0,35,1,1
83145.0,0,777,35,731,39,137,114,11,2,1,40,1,1
54197.0,0,162,6,37,6,13,13,6,1,0,54,1,1
23091.0,1,35,0,11,0,0,2,3,7,0,51,1,0
46049.0,1,342,9,112,19,14,19,9,7,1,38,1,1
56715.0,0,258,105,239,237,172,9,4,4,1,40,1,1
79410.0,0,658,80,483,123,13,13,5,1,0,53,1,1
57304.0,0,356,80,329,138,17,106,10,5,1,63,1,1
44375.0,0,213,5,28,7,7,41,6,5,1,49,1,1
54450.0,1,454,0,171,8,19,32,8,8,1,58,1,1
59594.0,0,457,4,29,0,0,9,7,7,1,49,1,1
80685.0,0,241,45,604,34,26,54,10,2,1,20,1,1
40344.0,0,210,0,6,0,0,2,5,7,1,40,1,1
62710.0,0,441,35,83,7,29,11,12,4,1,42,1,1
48985.0,0,19,13,18,10,7,8,3,3,0,46,1,1
35322.0,1,28,9,37,12,7,13,4,8,0,46,1,1
77142.0,0,476,75,162,29,151,97,8,2,1,66,1,1
81657.0,0,364,40,425,158,60,50,8,1,0,45,1,0
14421.0,0,0,0,2,3,3,8,2,5,0,18,0,1
20130.0,0,0,6,3,7,6,12,3,8,0,40,1,1
74214.0,0,863,83,547,86,99,33,5,5,1,24,1,1
66726.0,1,349,7,35,0,0,47,4,7,1,57,1,1
23724.0,1,5,23,15,0,18,14,3,8,0,35,0,1
47353.0,0,184,2,19,8,8,4,6,5,0,54,1,1
33444.0,1,8,0,8,0,0,2,2,8,0,62,1,1
54386.0,0,277,21,64,62,21,25,10,3,0,33,1,1
28510.0,1,44,5,19,0,4,19,4,5,0,33,1,0
90638.0,0,1156,120,915,94,144,96,10,1,0,23,1,0
48070.0,0,373,14,83,6,9,19,6,7,1,64,1,1
43140.0,0,134,8,76,6,0,11,5,6,1,57,1,1
54959.0,0,1148,0,60,0,0,24,4,7,1,53,1,0
15056.0,1,6,12,3,21,6,40,3,5,0,56,0,0
26954.0,1,4,1,11,0,0,1,2,7,0,43,1,0
22327.0,1,5,4,8,2,0,5,3,5,0,29,1,0
44393.0,1,24,2,20,2,2,10,4,4,0,49,1,1
62000.0,0,899,0,101,0,0,20,13,4,1,62,1,0
31497.0,0,108,1,28,13,1,4,4,8,0,52,1,1
45894.0,0,27,2,7,0,2,13,3,5,0,40,1,1
78579.0,0,816,66,549,216,66,99,4,3,1,44,1,0
67369.0,0,1298,0,70,37,14,42,10,4,1,45,1,0
58401.0,0,10,0,11,17,29,29,2,4,0,54,1,0
62307.0,0,87,13,34,10,6,10,4,5,1,62,1,0
43641.0,1,57,2,51,4,2,23,4,6,0,45,1,1
63841.0,0,635,15,100,20,7,131,9,6,1,46,1,0
46891.0,0,43,12,23,29,15,61,4,4,0,49,1,1
70091.0,1,964,34,137,15,0,11,10,8,1,45,1,1
78075.0,0,572,8,259,34,35,80,5,1,0,42,1,1
59184.0,0,341,142,113,259,151,66,12,5,1,53,1,0
54809.0,1,63,6,57,13,13,22,5,4,0,37,1,1
58113.0,0,221,104,169,102,78,84,8,7,1,55,1,1
51412.0,0,140,3,29,4,5,14,4,4,0,56,1,1
15287.0,1,1,2,8,4,3,13,2,7,0,35,1,0
66636.0,0,291,10,689,84,10,0,9,1,0,57,1,1
50965.0,0,544,13,85,8,6,29,5,8,1,58,1,1
84618.0,0,684,100,801,21,66,0,10,2,1,49,1,1
18351.0,0,1,12,9,0,14,7,3,7,0,24,1,1
40451.0,0,35,0,4,0,0,10,2,5,0,57,1,1
36317.0,0,87,3,25,3,2,13,4,7,0,49,1,1
42213.0,0,309,3,24,4,3,20,7,7,1,57,1,1
65748.0,0,172,73,93,95,78,34,10,1,0,59,1,1
77044.0,0,625,38,242,50,34,76,11,4,1,42,1,1
74918.0,0,972,59,913,25,19,59,6,3,1,45,1,1
56721.0,1,157,6,39,6,13,75,5,6,1,42,1,1
42160.0,1,48,9,45,3,15,20,4,6,0,39,1,0
61559.0,0,279,83,88,32,14,34,10,3,1,49,1,0
33629.0,1,132,0,16,0,0,4,4,9,0,51,1,1
68682.0,0,919,0,505,99,30,45,10,2,1,23,1,1
34377.0,0,62,0,22,3,1,26,2,7,0,51,1,0
8940.0,1,1,45,3,4,6,42,3,8,0,28,0,0
26228.0,1,2,6,4,3,1,9,2,8,0,41,1,1
77297.0,0,408,61,109,48,122,41,9,4,1,57,1,0
40211.0,1,51,1,7,2,1,25,2,8,0,33,1,1
33438.0,1,62,1,16,3,2,6,4,5,0,56,1,0
75032.0,0,952,12,180,47,12,12,9,3,1,55,1,1
61284.0,0,618,15,106,20,7,45,8,6,1,59,1,0
22518.0,1,11,7,12,2,2,27,2,5,0,28,1,1
54730.0,0,318,3,17,4,7,56,8,4,1,39,1,1
38452.0,1,56,0,14,0,0,2,3,7,0,59,1,1
44421.0,1,110,5,59,7,1,7,4,8,1,43,1,0
38197.0,1,23,0,11,2,1,3,3,5,0,28,1,1
41986.0,0,27,5,8,8,3,12,4,4,0,36,1,0
28427.0,1,18,3,19,3,3,6,3,8,0,31,1,1
37395.0,1,18,0,9,0,1,11,3,6,0,38,1,1
64722.0,1,303,0,280,60,147,15,11,6,1,43,1,1
55249.0,0,97,1,19,2,0,11,4,3,0,58,1,1
84906.0,0,997,15,414,99,30,76,12,2,1,42,1,1
28691.0,1,5,4,13,8,0,4,3,8,0,25,1,1
44213.0,1,95,11,35,0,4,7,5,6,0,62,1,0
25707.0,1,1,6,2,3,6,3,3,7,0,30,0,0
59062.0,2,46,1,12,3,0,9,3,4,0,47,1,1
76624.0,0,411,106,147,54,115,66,7,1,1,52,1,0
66000.0,0,244,51,270,101,0,45,5,1,0,67,1,1
27683.0,1,152,9,121,12,12,45,4,8,1,36,1,1
1730.0,0,1,1,3,1,1,1,0,20,0,43,1,0
7500.0,1,10,17,18,8,26,40,2,9,0,22,0,0
40521.0,1,12,0,5,0,0,4,2,5,0,46,1,1
20427.0,1,5,0,4,0,0,1,2,8,0,41,1,1
65106.0,0,790,19,133,12,0,19,13,6,1,39,1,1
69969.0,0,882,29,514,38,29,44,6,3,1,49,1,1
67433.0,0,615,28,259,12,48,30,13,4,1,62,1,1
77766.0,0,1004,59,265,115,59,27,11,6,1,47,1,1
74716.0,0,133,27,421,13,195,71,5,4,1,42,1,1
68118.0,0,595,23,123,10,23,154,4,6,1,51,1,0
55158.0,1,293,0,87,4,11,23,5,7,1,44,1,1
62972.0,0,313,15,47,20,0,192,3,6,1,59,1,1
74190.0,0,151,81,86,168,91,64,11,2,1,39,1,1
39356.0,1,15,0,2,0,0,6,2,6,0,38,1,1
76653.0,0,736,63,946,219,189,126,11,2,1,45,1,1
35860.0,1,15,0,8,4,2,20,2,5,0,41,1,0
90687.0,0,982,17,672,23,34,51,8,2,1,31,1,0
73450.0,0,1142,51,415,90,69,37,11,3,1,32,1,1
31454.0,1,28,0,11,0,0,9,3,8,0,54,1,1
47139.0,1,46,0,12,0,2,23,2,7,0,62,1,0
83829.0,0,897,161,430,186,161,27,6,1,1,39,1,0
53378.0,1,489,6,152,8,6,132,6,8,1,51,1,1
19656.0,1,25,4,9,6,8,32,3,7,0,44,1,1
45579.0,0,145,1,33,2,1,1,4,6,1,66,1,1
85485.0,0,630,26,611,44,18,54,6,2,1,56,1,0
55956.0,0,760,38,104,50,9,38,4,4,1,70,1,1
64191.0,0,420,15,186,151,38,15,13,3,1,51,1,0
38808.0,1,125,17,52,3,19,30,4,8,1,42,1,0
57183.0,1,464,5,64,7,0,70,7,8,1,48,1,1
23748.0,1,6,6,29,12,15,8,3,8,0,46,1,0
66303.0,0,1090,12,96,16,12,60,11,8,0,43,1,1
37368.0,1,3,2,11,2,2,10,2,6,0,39,1,1
40800.0,1,24,0,27,8,30,10,3,7,0,50,1,1
71847.0,0,737,21,106,55,63,210,9,3,1,36,1,0
46149.0,0,254,6,71,4,0,27,7,5,1,39,1,1
78687.0,0,817,185,687,145,55,241,8,2,1,31,1,1
49118.0,0,620,54,239,99,98,119,10,7,1,43,1,0
37633.0,1,13,4,20,0,0,1,3,9,0,57,1,1
39767.0,0,113,61,204,34,26,47,7,8,1,63,1,1
26997.0,0,7,23,78,133,49,144,5,7,1,63,0,1
33986.0,1,16,2,18,2,1,5,3,7,0,44,1,0
57091.0,0,462,0,24,6,0,4,5,7,1,42,1,1
46831.0,1,22,2,10,6,4,34,2,4,0,45,1,1
83151.0,0,968,147,842,137,42,210,10,2,1,42,1,1
52531.0,0,283,112,151,51,72,125,10,6,1,43,1,1
15759.0,0,1,2,5,6,0,3,2,7,0,58,1,1
22804.0,1,14,1,7,2,1,1,2,9,0,43,1,0
43050.0,1,30,5,24,6,3,8,4,5,0,41,1,1
42997.0,1,4,0,5,0,1,5,2,7,0,37,1,0
48918.0,1,52,0,9,0,0,1,4,4,0,51,1,0
60033.0,0,62,1,57,19,11,48,5,2,0,60,1,1
34043.0,1,20,2,14,3,0,10,2,9,0,36,1,1
57811.0,0,545,7,114,37,21,78,11,5,1,48,1,1
78569.0,0,558,79,622,207,175,95,4,1,1,68,1,1
7500.0,1,6,5,4,13,4,25,3,6,0,36,1,0
157733.0,1,39,1,9,2,0,8,1,1,0,43,1,1
94384.0,0,1111,24,790,160,45,172,5,2,1,61,1,1
23148.0,0,4,6,8,6,3,10,3,7,0,29,1,1
44267.0,1,183,5,65,3,5,49,4,9,1,44,1,0
71626.0,0,546,72,376,94,145,72,8,3,1,35,1,1
60894.0,0,606,7,155,10,0,54,8,7,1,48,1,1
50200.0,1,266,6,51,8,6,64,5,8,1,38,1,1
81051.0,0,1142,29,249,38,29,14,12,2,1,49,1,1
65169.0,0,1074,0,69,0,0,46,13,6,1,32,1,1
59868.0,0,771,51,154,54,10,154,12,6,1,42,1,1
65695.0,0,371,32,189,0,58,6,10,4,1,54,1,1
64857.0,0,556,14,717,210,0,43,10,4,1,58,1,0
45143.0,0,202,5,74,11,5,14,5,7,1,49,1,1
74805.0,0,209,162,209,41,162,37,10,2,1,59,1,1
59060.0,1,35,40,111,36,40,12,7,4,0,25,1,1
27238.0,1,37,0,17,0,0,3,3,9,0,52,1,0
47009.0,0,171,45,73,59,10,90,8,4,0,49,1,1
46094.0,1,12,2,20,3,2,5,3,7,0,41,1,1
40321.0,1,44,4,21,6,0,27,3,7,0,42,1,1
37235.0,1,20,2,9,4,6,20,2,4,0,30,1,1
81843.0,0,779,86,537,34,69,138,12,3,1,54,1,1
46692.0,0,170,6,97,24,12,88,5,6,1,56,1,1
77382.0,0,491,48,231,112,105,134,12,1,1,46,1,1
37774.0,2,173,8,107,7,2,176,3,9,1,37,1,0
18393.0,1,7,10,13,16,0,4,3,8,0,40,0,1
72828.0,0,1205,0,235,19,14,205,13,7,1,52,1,1
24711.0,0,10,7,25,6,3,7,3,7,0,32,1,1
45503.0,1,97,4,44,6,1,18,4,5,0,39,1,1
6560.0,0,67,11,26,4,3,262,1,17,0,32,1,0
71604.0,0,345,53,528,98,75,97,5,4,1,69,1,1
27244.0,1,6,5,17,3,24,46,2,7,0,35,1,1
48752.0,1,73,57,100,71,15,0,5,9,1,45,1,1
71434.0,0,711,36,217,172,96,168,7,4,1,52,1,1
90842.0,0,774,70,118,182,187,93,13,1,1,66,1,0
88097.0,1,163,0,480,0,126,75,8,9,1,36,1,1
51948.0,0,82,33,54,71,30,41,4,5,1,39,1,1
71853.0,0,358,108,413,141,97,32,6,1,0,32,1,1
35876.0,0,66,2,40,4,3,14,3,6,0,31,1,1
40049.0,0,13,6,7,0,3,3,3,6,0,62,1,0
39660.0,1,139,13,78,20,13,36,3,9,1,32,1,0
50127.0,0,274,0,21,4,6,15,6,6,1,52,1,1
43263.0,0,262,6,61,0,10,102,6,5,1,37,1,1
62845.0,1,1099,0,45,0,0,34,10,8,0,65,1,1
18929.0,0,32,0,8,23,4,18,4,6,0,24,1,1
24367.0,1,2,4,2,0,11,5,2,9,0,32,0,0
33249.0,1,6,10,21,19,14,42,3,6,0,39,1,0
26887.0,0,6,7,4,3,4,6,3,6,0,55,1,1
50150.0,0,135,46,92,65,61,11,7,5,1,31,1,1
62061.0,0,641,7,84,0,30,38,7,6,1,38,1,1
85696.0,0,714,76,395,116,0,12,9,1,1,52,1,0
76542.0,0,794,73,573,0,29,14,10,2,1,58,1,1
70515.0,0,420,0,452,182,64,140,4,2,1,21,1,0
18227.0,1,1,2,7,4,3,11,2,8,0,27,1,1
69139.0,0,86,12,75,33,15,6,5,4,1,49,1,1
69109.0,0,823,25,459,124,29,95,7,4,1,32,1,1
69627.0,0,231,161,215,171,30,53,11,5,1,52,1,0
38136.0,1,8,15,27,0,20,33,2,8,0,36,1,1
62159.0,0,182,17,259,77,70,29,10,4,1,68,1,0
80695.0,0,557,129,984,193,37,18,5,2,1,51,1,0
33316.0,1,79,1,31,4,4,12,4,6,0,43,1,0
58554.0,1,368,24,68,38,0,88,6,7,1,46,1,1
17256.0,1,6,4,14,8,8,22,2,8,0,22,0,1
53034.0,1,160,15,196,15,11,50,7,8,1,40,1,0
52203.0,0,488,21,238,56,108,28,11,6,1,64,1,1
59601.0,0,691,7,69,0,7,23,7,8,0,37,1,0
75154.0,0,543,10,205,160,143,82,6,3,1,56,1,0
47025.0,0,254,7,108,20,0,26,5,6,1,38,1,0
37971.0,1,5,4,10,2,2,7,3,8,0,41,1,1
41335.0,1,112,19,21,16,14,5,4,7,1,46,1,0
67267.0,0,134,11,59,15,2,30,5,2,0,56,1,1
57338.0,0,143,6,52,11,8,17,5,5,1,39,1,0
50523.0,1,51,4,24,4,7,1,4,6,0,54,1,1
35791.0,2,27,0,5,0,0,3,3,8,0,49,1,0
50611.0,0,459,0,24,6,0,4,7,6,1,54,1,0
56242.0,0,689,8,167,11,8,88,11,6,1,45,1,1
48904.0,0,283,10,38,0,13,27,4,8,1,54,1,0
56243.0,1,347,0,35,4,3,7,8,5,1,39,1,0
21355.0,1,5,13,14,0,5,31,2,6,0,29,1,1
57420.0,0,280,0,18,0,0,24,6,7,1,43,1,1
51381.5,0,187,5,65,26,20,14,6,5,1,44,1,1
46390.0,0,95,14,64,2,9,38,3,7,1,59,1,0
54342.0,1,84,10,34,11,10,28,4,6,0,58,1,1
51381.5,1,19,4,12,2,2,6,3,5,0,56,1,1
51381.5,1,5,1,9,2,0,4,2,7,0,50,1,0
20895.0,1,18,3,17,3,0,4,3,9,0,41,1,1
92344.0,0,992,24,694,51,19,119,5,1,1,66,1,1
51381.5,1,25,1,13,0,0,3,3,7,0,42,1,1
26907.0,1,9,1,7,0,3,2,3,7,0,38,1,1
44964.0,1,19,1,17,2,0,2,3,8,0,34,1,1
75507.0,0,709,93,374,104,80,80,6,3,1,35,1,1
53761.0,1,158,0,76,13,7,71,3,5,1,42,1,1
22682.0,1,10,14,29,4,2,36,4,4,0,41,1,1
38887.0,1,25,1,13,0,0,3,3,7,0,42,1,1
41658.0,1,8,4,12,15,4,29,2,4,0,39,1,0
29791.0,1,14,0,6,0,0,0,3,5,0,42,1,1
63915.0,0,622,7,115,30,0,15,12,5,1,58,1,1
39996.0,1,11,0,3,0,0,1,2,6,0,40,1,0
26759.0,1,25,3,16,8,5,2,3,6,0,42,1,0
63841.0,0,635,15,100,20,7,131,9,6,1,46,1,0
51039.0,1,100,64,79,65,0,109,4,7,1,45,1,1
60544.0,1,201,2,43,3,5,35,5,6,1,53,1,1
65685.0,0,642,14,49,0,7,57,9,5,1,42,1,1
37716.0,0,97,1,41,6,2,41,3,7,1,61,1,1
36864.0,0,204,5,39,17,0,89,4,8,1,57,1,0
44511.0,1,513,7,133,46,14,14,8,8,1,44,1,1
36947.0,1,88,3,21,4,1,29,4,9,0,47,1,1
47352.0,0,172,12,112,8,0,15,5,7,1,63,1,1
67087.0,0,329,35,222,130,35,43,8,4,1,61,1,1
57045.0,0,296,13,104,11,13,17,9,3,1,64,1,1
36957.0,1,100,2,16,2,1,31,2,9,0,61,1,0
69389.0,0,422,7,238,69,46,15,12,4,1,37,1,1
80134.0,1,1218,16,272,104,0,80,6,6,1,42,1,1
43142.0,1,5,1,7,2,1,4,2,7,0,45,1,1
80589.0,0,507,93,520,242,40,26,5,1,1,70,1,1
34412.0,1,52,12,50,4,36,55,3,9,1,24,1,0
57537.0,1,191,56,139,51,8,100,8,4,1,35,1,0
22634.0,0,2,23,11,8,6,46,2,8,0,48,0,1
51315.0,0,68,28,39,16,30,41,5,2,0,66,1,1
36026.0,2,20,4,10,6,4,17,3,6,0,42,1,1
24639.0,1,20,3,16,0,4,1,4,6,0,41,1,1
34578.0,2,7,0,1,0,0,0,2,6,0,42,1,1
65704.0,0,279,172,74,38,8,246,10,1,0,42,1,0
63810.0,0,977,12,253,16,12,101,12,8,1,48,1,0
54132.0,0,30,1,8,0,0,3,3,7,0,45,1,1
18690.0,0,6,1,7,23,4,19,2,8,0,55,1,1
28164.0,1,3,18,26,11,8,12,4,7,0,44,1,1
34596.0,1,14,0,2,0,0,7,2,8,0,40,1,1
43269.0,1,10,1,7,0,0,1,2,8,0,42,1,1
38741.0,1,7,10,17,8,6,13,3,7,0,56,1,0
31907.0,0,33,87,64,175,16,74,6,7,1,42,1,0
27100.0,1,12,0,13,2,0,10,3,7,0,31,1,1
31163.0,1,2,3,10,11,2,10,3,6,0,41,1,0
92533.0,0,693,21,118,110,147,42,11,2,1,29,1,1
34853.0,1,9,3,15,2,3,2,3,6,0,41,1,0
70844.0,1,129,26,67,3,67,2,5,7,1,47,1,0
31086.0,1,16,2,11,3,0,16,2,8,0,35,1,1
60544.0,1,201,2,43,3,5,35,5,6,1,53,1,1
20491.0,0,5,4,5,4,2,10,2,7,0,28,1,1
42523.0,0,14,36,11,3,26,35,4,2,0,50,1,1
39922.0,1,29,12,59,19,1,36,4,8,0,31,1,1
33402.0,1,26,2,19,10,5,8,3,8,0,62,1,1
36408.0,1,9,1,4,3,2,3,2,6,0,65,1,1
21645.0,1,14,0,23,4,5,19,3,9,0,35,1,1
78427.0,0,972,19,595,180,26,138,10,3,0,66,1,0
82657.0,0,966,168,672,246,105,126,10,4,1,68,1,1
51876.0,0,99,27,102,28,48,6,8,1,0,56,1,1
78041.0,0,482,35,553,72,160,17,9,2,1,43,1,1
52852.0,0,714,8,99,11,0,47,5,8,1,57,1,1
70038.0,0,587,54,348,71,54,130,8,2,1,32,1,1
69401.0,0,399,27,159,58,8,39,5,2,1,41,1,1
46053.0,1,56,10,92,19,7,25,4,5,0,42,1,1
77343.0,0,227,151,573,98,54,31,9,1,0,49,1,1
73892.0,0,703,102,601,0,58,43,8,1,0,61,1,0
40304.0,1,37,0,17,0,0,3,3,7,0,47,1,0
32727.0,0,167,13,180,86,13,70,5,8,1,49,1,1
68695.0,0,458,81,356,106,50,40,7,2,1,45,1,1
43300.0,0,91,3,52,2,1,31,4,8,1,43,1,0
26290.0,1,15,8,16,11,5,22,4,6,0,42,1,1
93790.0,0,1302,68,731,89,114,45,12,2,1,44,1,0
38410.0,0,153,64,123,116,64,14,9,6,1,40,1,1
64866.0,0,508,5,21,7,5,10,7,5,1,64,1,0
57957.0,0,290,59,177,77,5,29,8,3,1,55,1,1
46015.0,1,38,0,2,0,0,6,3,7,0,59,1,1
16531.0,1,2,13,6,7,5,11,3,7,0,36,1,1
28072.0,1,30,0,10,2,0,5,3,7,0,28,1,1
49476.0,0,386,23,95,54,41,196,5,2,0,51,1,0
50725.0,0,443,10,75,0,10,48,8,8,1,61,1,1
83844.0,0,901,31,345,75,31,191,11,1,1,62,1,1
41145.0,1,9,0,3,0,0,1,3,3,0,64,1,1
67419.0,0,846,84,352,91,56,42,8,5,1,44,1,1
23162.0,1,8,3,9,19,4,22,3,6,0,44,1,1
34380.0,1,72,7,58,13,1,24,3,8,1,37,1,1
34704.0,0,29,0,5,0,1,5,3,5,0,48,1,0
94871.0,0,169,24,553,188,0,144,4,7,1,45,1,1
65148.0,0,460,35,422,33,12,153,7,4,1,56,1,1
39898.0,0,69,8,26,12,7,12,4,7,0,60,1,1
64857.0,0,556,14,717,210,0,43,10,4,1,58,1,0
59892.0,0,73,0,13,0,1,0,3,3,0,44,1,1
41020.0,0,112,1,54,7,7,36,4,3,0,27,1,0
57072.0,0,944,0,60,0,0,30,13,5,1,53,1,1
60474.0,0,265,199,303,234,9,170,12,7,1,35,1,0
62807.0,0,526,28,135,10,21,99,12,5,1,54,1,1
19414.0,1,2,3,12,3,5,7,3,8,0,33,1,1
19107.0,1,2,4,9,10,5,16,3,7,0,34,1,1
75484.0,0,378,97,259,197,194,34,6,4,1,38,1,1
70379.0,0,553,25,142,65,67,8,13,4,1,38,1,0
79419.0,0,751,127,687,20,15,31,4,2,1,44,1,1
64014.0,2,406,0,30,0,0,8,5,7,1,68,1,1
76998.0,0,1449,89,161,69,35,107,8,6,1,59,1,1
49854.0,1,123,17,171,39,0,30,5,6,1,42,1,1
60585.0,1,267,42,309,55,42,21,9,5,1,43,1,1
42873.0,1,209,0,40,3,2,15,4,8,1,64,1,0
87679.0,0,1259,172,815,97,148,33,10,4,1,26,1,1
57867.0,1,344,35,178,15,23,17,9,6,1,36,1,1
35765.0,1,22,3,30,0,5,15,4,6,0,24,1,1
65492.0,0,247,161,295,210,85,47,13,2,1,55,1,1
32952.0,1,38,0,12,3,1,1,3,7,0,37,1,0
53374.0,0,896,10,101,13,10,34,9,9,1,45,1,1
71706.0,0,931,56,253,91,98,14,7,5,1,55,1,1
68487.0,0,758,12,385,33,89,89,13,4,1,26,1,1
53253.0,1,216,9,57,20,9,125,5,5,1,39,1,1
31163.0,1,2,3,10,11,2,10,3,6,0,41,1,0
42014.0,1,244,15,108,4,15,50,6,8,1,37,1,1
54108.0,1,539,6,91,8,6,97,9,8,1,41,1,1
49667.0,0,1181,26,120,17,13,39,5,8,1,59,1,0
63206.0,0,750,8,125,11,8,26,6,2,1,40,1,1
57136.0,1,306,5,109,21,109,92,10,6,1,42,1,1
46772.0,0,350,104,189,197,151,57,5,8,1,39,1,1
78931.0,0,331,197,170,58,152,35,13,1,0,43,1,1
53977.0,0,620,16,165,0,24,82,12,5,1,56,1,1
84219.0,0,434,137,400,45,137,45,10,1,0,26,1,1
46098.0,1,57,0,27,0,0,36,2,8,0,39,1,0
73538.0,0,811,76,428,99,137,107,9,7,1,49,1,1
79529.0,0,423,42,706,73,197,197,9,2,1,28,1,1
20981.0,0,2,12,10,6,13,30,2,8,0,37,1,1
51766.0,1,60,51,87,6,20,51,4,5,1,34,1,0
55759.0,0,675,0,85,10,7,77,8,8,1,52,1,1
33039.0,1,30,8,12,8,8,12,4,5,0,36,1,1
37787.0,1,40,1,40,4,3,18,3,8,0,42,1,1
27242.0,1,3,17,26,20,1,39,3,9,0,44,1,0
87188.0,0,910,111,724,49,74,55,6,3,1,31,1,0
69930.0,0,252,98,827,219,70,196,12,3,1,43,1,1
37697.0,1,34,6,21,11,4,8,3,6,0,38,1,0
37401.0,1,19,3,19,3,1,3,3,7,0,41,1,1
3502.0,1,2,1,1,0,0,1,0,14,0,41,1,0
58597.0,1,490,0,184,10,28,21,9,7,1,38,1,1
82032.0,0,332,194,377,149,125,57,7,1,1,66,1,0
28087.0,1,53,8,17,13,0,21,2,7,0,56,1,1
74004.0,0,784,48,560,42,176,48,4,3,1,27,1,0
19740.0,0,7,11,3,10,4,20,3,5,0,54,1,1
57036.0,0,1171,43,219,19,14,47,13,9,1,39,1,1
53083.0,1,215,7,33,3,0,13,5,7,1,56,1,1
69283.0,0,674,62,134,0,26,8,13,5,1,39,1,1
46098.0,1,57,0,27,0,0,36,2,8,0,39,1,0
23331.0,1,5,36,7,0,10,45,3,8,0,26,1,1
23331.0,1,104,20,101,24,15,5,5,9,1,26,1,0
9255.0,1,9,0,7,2,0,4,2,8,0,25,1,0
67786.0,0,431,82,441,80,20,102,6,1,0,55,1,0
71969.0,0,1000,0,76,0,0,10,9,8,0,43,1,1
59235.0,1,448,40,469,80,0,91,12,7,1,47,1,0
31928.0,1,33,4,24,4,2,5,4,7,0,25,1,1
74881.0,1,505,72,270,36,27,54,12,5,1,53,1,1
65819.0,0,267,38,701,149,165,63,10,3,1,36,1,1
51411.0,1,14,0,3,0,0,1,3,5,0,61,1,0
51983.0,0,631,0,115,10,7,30,10,7,1,50,1,0
42386.0,1,65,4,16,0,4,11,3,8,0,28,1,1
30390.0,0,10,12,12,25,1,20,3,6,0,27,1,1
30983.0,0,51,4,50,12,1,49,3,8,1,51,1,0
66033.0,0,293,35,179,46,59,65,7,7,1,57,1,0
37284.0,1,11,1,2,2,1,6,3,6,0,39,1,1
57530.0,0,50,1,27,6,7,1,4,1,0,63,1,0
76800.0,0,173,26,255,35,71,81,7,1,1,49,1,1
63943.0,0,423,184,368,13,97,21,6,5,1,58,1,1
76081.0,0,292,30,415,63,33,200,4,2,1,52,1,1
67445.0,0,757,80,217,29,80,11,12,6,1,40,1,1
37054.0,1,12,1,6,0,1,5,3,7,0,47,1,1
47175.0,1,167,2,44,6,2,19,4,8,1,52,1,1
31859.0,1,3,1,3,8,0,5,2,7,0,38,1,0
27215.0,2,30,5,22,8,9,28,4,6,0,53,1,0
70179.0,0,532,88,168,69,44,133,13,5,1,38,1,0
39922.0,1,29,12,59,19,1,36,4,8,0,31,1,1
49681.0,0,411,0,26,0,0,21,7,7,1,38,1,1
24645.0,1,5,3,4,4,1,0,2,8,0,26,1,1
79865.0,0,71,99,278,185,121,38,5,1,1,60,1,0
44322.0,1,46,0,40,3,0,3,3,8,0,29,1,1
47958.0,0,268,11,88,15,3,22,5,5,1,62,1,0
63972.0,0,928,63,254,0,12,12,10,4,1,50,1,0
75315.0,0,459,15,171,142,23,31,12,2,1,60,1,1
55517.0,1,483,0,108,0,6,36,6,9,1,64,1,1
75283.0,1,733,9,180,12,19,66,5,4,1,57,1,1
82800.0,0,1006,22,115,59,68,45,12,3,1,68,1,0
38998.0,1,34,1,14,0,0,5,3,8,0,60,1,1
90638.0,0,1156,120,915,94,144,96,10,1,0,23,1,0
27161.0,1,7,4,23,7,0,11,3,7,0,28,1,1
42014.0,1,244,15,108,4,15,50,6,8,1,37,1,1
38201.0,0,233,0,23,0,0,12,5,8,1,54,1,1
45203.0,2,35,3,67,10,8,24,3,6,0,32,1,1
81574.0,0,1252,0,465,46,35,0,8,1,1,67,1,1
34935.0,0,34,4,66,3,10,20,4,7,0,22,1,1
60482.0,0,255,43,134,37,14,24,7,7,1,38,1,0
34633.0,2,8,1,5,0,0,1,2,6,0,58,1,1
78093.0,0,368,32,639,13,43,10,5,1,1,67,1,1
82460.0,0,255,47,573,52,32,15,6,1,1,64,1,0
45903.0,0,33,8,10,2,10,3,3,4,0,48,1,1
81361.0,0,163,23,424,27,65,76,13,1,0,27,1,0
35860.0,1,15,0,8,4,2,20,2,5,0,41,1,0
40442.0,1,45,12,52,25,22,13,4,7,0,62,1,1
61482.0,0,48,58,68,16,66,43,6,2,0,49,1,1
34968.0,1,158,6,45,8,2,2,5,7,0,34,1,1
75794.0,0,754,160,625,63,32,48,12,3,1,27,1,1
31497.0,0,108,1,28,13,1,4,4,8,0,52,1,1
74268.0,0,199,66,315,97,174,41,5,2,1,59,1,1
13724.0,1,2,7,5,2,15,27,2,9,0,26,0,1
45143.0,0,202,5,74,11,5,14,5,7,1,49,1,1
52569.0,0,85,0,3,0,0,7,4,3,0,47,1,0
48432.0,0,322,3,50,4,3,42,6,8,1,41,1,0
17144.0,1,18,2,19,0,2,6,4,7,0,54,1,1
36108.0,1,141,8,129,3,11,47,4,9,1,30,1,0
76445.0,1,739,107,309,140,80,35,13,6,0,43,1,1
36663.0,1,18,0,6,3,3,5,3,2,0,39,1,1
53843.0,0,378,0,88,19,4,73,3,7,1,49,1,1
90226.0,0,1083,108,649,253,151,108,12,2,1,58,1,1
70638.0,0,1016,12,215,16,12,63,10,3,1,59,1,0
44512.0,1,23,1,6,0,0,2,3,4,0,54,1,1
27116.0,1,12,1,21,2,2,3,3,7,0,53,1,1
54072.0,1,35,0,4,0,0,0,2,8,0,51,1,1
71855.0,0,548,31,422,0,112,28,11,3,1,37,1,1
51250.0,1,342,32,230,34,32,40,4,9,1,24,1,0
60432.0,0,365,3,15,4,3,11,5,6,1,41,1,1
65526.0,0,397,19,69,12,0,9,8,2,1,50,1,1
68655.0,0,456,19,832,75,118,38,11,3,1,26,1,0
12393.0,0,5,6,15,11,7,13,3,9,0,36,1,1
64509.0,0,836,185,575,24,25,77,9,4,1,24,1,0
33955.0,1,100,2,128,23,7,10,5,8,1,39,1,0
31353.0,1,10,0,10,3,1,7,2,8,0,37,1,1
55434.0,1,238,115,215,169,69,76,13,4,1,30,1,1
28359.0,1,6,0,5,2,1,2,2,7,0,31,1,1
57100.0,1,158,11,99,15,11,17,7,3,0,27,1,0
69139.0,0,86,12,75,33,15,6,5,4,1,49,1,1
52973.0,0,856,0,76,12,9,199,9,8,1,58,1,1
51717.0,0,98,1,17,0,1,5,4,7,0,49,1,1
18793.0,1,4,16,20,0,17,20,4,8,0,43,1,1
66664.0,0,398,96,447,220,96,32,6,3,1,32,1,1
50664.0,1,313,8,104,6,4,126,6,9,1,55,1,0
54414.0,1,109,18,16,24,26,18,5,4,0,51,1,1
54549.0,0,216,2,6,0,0,9,4,7,1,62,1,1
47111.0,0,595,71,153,120,112,41,10,9,0,43,1,0
41003.0,0,123,133,142,71,44,88,8,6,1,51,1,0
19444.0,1,16,0,23,3,2,10,2,7,1,32,1,1
36301.0,1,11,12,35,3,5,12,3,7,0,38,1,1
73059.0,0,410,112,420,0,82,71,13,4,1,67,1,1
42731.0,1,159,2,51,6,2,24,5,5,1,45,1,1
52854.0,1,105,0,10,0,1,0,4,5,0,55,1,1
22775.0,1,5,1,8,0,0,1,2,8,0,36,1,1
46681.0,0,269,15,69,15,19,38,4,5,1,66,1,1
59821.0,0,629,0,70,0,0,35,7,8,1,59,1,1
50002.0,0,443,5,71,21,16,82,7,7,1,60,1,0
69755.0,0,217,77,373,111,23,93,12,1,0,69,1,1
44078.0,1,24,1,10,2,0,4,3,5,0,45,1,1
30560.0,1,9,1,5,4,5,7,3,7,0,38,1,1
35924.0,1,8,0,14,2,3,7,3,5,0,45,1,1
64140.0,0,1459,0,61,0,15,215,6,5,0,50,1,0
56386.0,1,230,48,214,13,32,75,7,9,1,33,1,1
24594.0,1,1,3,6,10,0,9,3,5,0,35,0,1
75774.0,1,340,21,134,258,14,56,8,4,1,33,1,1
39228.0,0,7,1,6,0,3,3,3,4,0,54,1,0
58494.0,0,298,7,68,4,0,19,6,6,1,40,1,1
58684.0,0,479,35,179,28,7,85,12,2,1,33,1,0
57136.0,0,267,140,599,34,12,127,7,6,1,47,1,0
56551.0,1,67,4,32,17,2,16,4,4,0,64,1,0
22448.0,1,3,1,8,23,2,18,3,3,0,32,1,1
82014.0,0,980,37,265,35,163,31,12,6,0,53,1,0
34213.0,1,50,4,28,6,3,26,2,9,0,51,1,0
157146.0,0,1,0,1725,2,1,1,0,1,0,37,1,1
25358.0,0,19,0,5,0,0,8,3,6,0,67,1,0
35544.0,1,30,5,23,4,1,4,3,7,0,36,1,0
36634.0,0,213,9,76,4,3,30,5,7,1,60,1,1
62670.0,0,539,30,92,80,46,38,13,3,1,60,1,1
50334.0,0,284,16,160,84,16,134,6,6,1,42,1,1
72066.0,0,1003,34,536,134,51,34,6,2,1,33,1,0
50729.0,1,239,13,143,45,4,52,7,6,1,56,1,0
34916.0,2,51,23,82,33,0,42,3,9,1,46,1,1
64892.0,0,527,24,230,32,24,65,12,4,1,38,1,0
43602.0,1,19,5,12,10,3,19,2,6,0,48,1,0
33996.0,0,40,2,15,8,0,6,3,4,0,25,1,0
41473.0,1,21,8,20,15,3,9,3,7,0,29,1,0
63246.0,0,593,30,91,29,22,7,12,4,1,47,1,1
36732.0,1,21,5,3,10,1,7,4,2,0,55,1,1
69084.0,1,1181,107,199,39,30,30,13,8,1,44,1,1
77766.0,0,1004,59,265,115,59,27,11,6,1,47,1,1
37929.0,0,202,2,46,3,2,10,5,7,1,29,1,0
86610.0,0,446,107,768,33,196,53,6,2,1,63,1,1
80141.0,0,1184,102,673,52,40,40,10,6,1,28,1,1
72635.0,0,390,22,323,104,35,107,6,3,1,59,1,1
69016.0,0,726,53,363,123,107,161,13,5,1,44,1,1
20193.0,0,8,8,22,24,11,9,4,4,0,23,1,1
27573.0,1,50,15,110,39,15,15,4,8,1,39,1,1
15862.0,1,1,1,4,11,9,10,3,8,0,35,0,0
49544.0,1,308,0,73,0,0,23,8,7,1,38,1,1
33228.0,1,22,2,31,7,4,5,3,7,0,34,1,1
70440.0,0,690,117,499,76,102,88,7,3,1,36,1,1
38232.0,1,43,5,28,7,6,33,3,5,0,43,1,1
22554.0,1,27,0,10,0,0,4,4,5,0,59,1,1
23536.0,1,6,0,3,0,0,1,3,3,0,31,1,1
49413.0,0,205,7,41,3,2,46,5,5,1,62,1,1
42231.0,1,24,0,8,0,1,4,3,5,0,45,1,1
78789.0,0,667,50,850,21,83,83,5,2,1,34,1,0
56534.0,0,691,7,61,10,0,46,7,8,1,46,1,1
58350.0,0,493,26,206,116,80,80,12,6,1,43,1,0
81217.0,0,493,70,324,146,40,84,11,1,0,25,1,0
49090.0,0,494,5,82,7,0,100,9,7,1,63,1,0
61787.0,0,621,73,414,78,48,85,6,5,1,27,1,0
18169.0,1,9,0,5,0,0,7,2,8,0,29,1,1
24336.0,1,1,6,2,8,2,12,2,7,0,33,1,0
18222.0,0,12,4,19,12,6,14,3,8,0,24,1,1
62335.0,0,243,131,217,85,6,26,13,2,0,62,1,0
42033.0,1,11,1,4,2,0,7,2,7,0,43,1,1
86580.0,0,532,21,127,26,20,20,5,1,1,31,1,1
41437.0,1,29,0,2,0,0,1,3,7,0,57,1,0
73705.0,0,612,91,520,258,107,107,8,5,1,63,1,0
61064.0,0,387,126,342,0,45,180,11,6,1,38,1,1
38452.0,1,56,0,14,0,0,2,3,7,0,59,1,1
18358.0,1,6,8,19,16,4,4,4,7,0,25,1,0
55012.0,0,582,0,65,0,0,13,9,5,1,41,1,1
9722.0,1,6,17,16,6,16,42,3,8,0,41,0,1
38175.0,1,70,6,69,2,3,3,4,7,0,30,1,1
58656.0,0,962,12,194,16,24,12,13,6,1,58,1,1
52117.0,0,112,10,107,30,0,20,4,7,1,49,1,1
64813.0,1,293,0,124,179,97,52,10,5,1,36,1,1
54222.0,0,199,12,31,3,12,7,5,3,0,41,1,1
83512.0,0,1060,61,835,80,20,101,10,1,1,28,1,1
77520.0,0,940,44,396,0,88,58,7,4,1,55,1,1
41154.0,0,44,2,11,2,3,7,4,5,0,36,1,1
80398.0,0,342,51,936,207,35,26,12,3,1,48,1,1
18746.0,1,2,10,11,12,9,20,3,6,0,22,0,0
35196.0,1,75,12,141,43,39,187,5,8,1,30,1,1
60230.0,0,520,20,367,39,81,40,6,5,1,58,1,0
22108.0,1,5,3,9,6,2,6,3,7,0,37,1,1
44392.0,1,87,5,71,7,12,29,4,7,1,40,1,1
55424.0,0,462,61,184,10,53,107,9,6,1,38,1,1
17688.0,1,2,2,1,3,1,2,2,8,0,35,1,1
92491.0,0,979,44,935,29,25,22,12,3,1,31,1,1
90273.0,0,704,129,853,120,74,111,7,2,1,23,1,0
82571.0,0,861,31,558,62,95,79,13,2,1,52,1,0
38513.0,1,172,3,115,16,0,18,5,8,1,32,1,0
16653.0,1,5,7,31,15,4,7,3,6,0,35,1,0
42586.0,1,194,2,56,0,0,0,6,8,1,59,1,1
23529.0,0,9,7,13,3,2,20,2,6,0,49,0,0
74881.0,1,505,72,270,36,27,54,12,5,1,53,1,1
71107.0,0,533,10,217,198,174,195,13,4,1,63,1,1
46910.0,1,48,0,14,0,0,6,3,6,0,50,1,1
18690.0,0,6,1,7,23,4,19,2,8,0,55,1,1
37244.0,1,18,2,10,0,0,25,2,7,0,59,1,0
82427.0,0,482,147,509,104,107,107,12,1,0,48,1,1
75342.0,0,204,97,97,21,118,26,10,4,1,56,1,0
70044.0,0,1073,0,250,153,14,14,5,5,1,60,1,0
79146.0,1,245,16,223,21,43,16,8,6,1,47,1,0
77437.0,0,560,21,442,29,44,29,13,1,1,51,1,1
54984.0,0,173,13,131,32,3,6,6,7,1,55,1,1
42403.0,1,22,1,11,0,5,3,3,8,0,43,1,1
55761.0,0,136,1,12,0,3,32,3,6,1,50,1,1
37292.0,1,275,0,86,10,23,66,5,8,1,31,1,1
45576.0,0,56,19,29,2,14,25,3,8,0,69,1,0
70321.0,0,303,23,751,82,26,191,13,4,1,67,1,1
58086.0,0,708,7,62,0,0,15,7,8,1,45,1,0
81795.0,0,324,132,693,27,118,88,7,2,1,62,1,1
28389.0,0,1,5,3,7,4,8,2,7,0,67,0,1
66835.0,0,620,26,195,34,17,141,13,2,1,68,1,1
69901.0,0,312,21,206,102,92,149,10,5,1,45,1,0
80360.0,0,1493,86,454,112,43,43,5,2,1,65,1,1
63342.0,0,918,21,118,13,10,21,5,6,1,53,1,1
44989.0,0,98,0,106,49,10,106,5,6,1,40,1,1
31859.0,1,3,4,7,15,8,11,3,7,0,34,1,0
51569.0,0,380,0,47,6,0,34,7,8,1,65,1,0
30372.0,1,15,0,12,7,3,7,3,7,0,43,1,0
16014.0,1,3,9,4,7,8,7,4,3,0,35,0,0
41120.0,1,24,2,23,0,8,24,3,6,0,46,1,1
39763.0,1,80,1,60,4,6,16,2,9,1,43,1,0
38725.0,1,31,0,6,2,1,5,4,4,0,59,1,1
77981.0,1,138,120,204,16,126,60,7,5,1,42,1,1
62905.0,0,166,75,96,119,107,59,8,4,1,50,1,1
13533.0,1,12,3,8,8,0,17,3,7,0,35,1,0
59481.0,0,178,3,85,71,66,58,8,2,0,39,1,1
72117.0,0,707,20,171,65,60,50,9,5,1,37,1,1
21955.0,1,5,1,7,17,14,11,3,6,0,28,1,1
67131.0,0,465,71,250,93,35,62,12,6,1,58,1,1
36802.0,1,16,1,2,0,0,1,3,5,0,34,1,0
71853.0,0,358,108,413,141,97,32,6,1,0,32,1,1
28249.0,0,1,9,7,2,14,10,3,6,0,53,0,1
47808.0,0,123,1,26,2,0,72,3,7,0,39,1,1
25509.0,1,40,3,30,10,7,11,3,9,0,40,1,0
51012.0,0,102,9,63,2,9,24,4,6,1,68,1,1
70596.0,0,347,44,534,17,0,26,12,2,0,29,1,0
85431.0,0,376,53,462,168,53,53,7,0,0,62,1,1
42664.0,0,21,0,3,0,0,0,3,6,0,47,1,1
42586.0,1,194,2,56,0,0,0,6,8,1,59,1,1
29760.0,1,64,4,68,7,5,17,4,8,0,29,1,0
28973.0,0,206,0,46,3,2,12,5,8,1,37,1,1
39435.0,1,71,0,18,0,0,13,2,7,0,41,1,1
65370.0,0,71,22,112,138,89,29,13,1,0,30,1,1
20194.0,1,0,4,7,11,10,15,3,6,0,35,0,0
42473.0,1,93,1,21,0,4,25,4,5,0,38,1,0
64590.0,0,920,138,168,36,46,30,10,6,1,46,1,1
71232.0,0,653,17,170,34,26,17,10,7,1,55,1,1
34600.0,1,199,33,60,8,3,15,5,8,1,43,1,1
46904.0,1,153,4,56,0,9,31,4,8,1,47,1,0
49094.0,0,376,0,38,11,8,69,6,6,1,41,1,1
36075.0,1,46,0,30,12,1,30,4,6,0,31,1,1
60839.0,1,600,21,128,223,150,128,12,8,0,35,1,1
77298.0,0,425,115,292,23,35,79,11,3,1,35,1,1
34026.0,1,18,6,15,12,8,17,3,5,0,64,1,1
48918.0,1,52,0,9,0,0,1,4,4,0,51,1,0
82122.0,0,734,22,350,151,25,100,13,1,0,52,1,1
37697.0,1,34,6,21,11,4,8,3,6,0,38,1,0
34074.0,1,135,1,41,10,1,67,3,6,0,62,1,1
28520.0,1,11,0,10,0,2,20,2,6,0,54,1,1
62535.0,0,163,48,90,0,45,52,8,3,0,59,1,0
36273.0,1,29,3,30,3,2,9,3,6,0,37,1,0
63404.0,0,734,26,70,11,44,17,4,4,1,50,1,1
75774.0,1,340,21,134,258,14,56,8,4,1,33,1,1
78416.0,0,453,38,279,188,38,183,10,3,1,38,1,1
75702.0,0,1073,0,629,145,37,37,13,6,1,40,1,1
59385.0,1,135,0,10,0,4,36,4,5,0,63,1,1
37070.0,1,231,7,137,4,15,39,8,7,1,48,1,0
44689.0,1,18,0,5,0,0,11,2,7,0,63,1,1
53977.0,0,620,16,165,0,24,82,12,5,1,56,1,1
7144.0,0,81,4,33,5,2,291,1,0,1,48,1,0
18701.0,1,12,4,2,10,6,10,4,5,0,50,1,0
90369.0,0,292,51,981,224,23,17,6,1,1,58,1,1
63159.0,0,965,34,586,89,86,37,8,3,0,40,1,0
37758.0,1,27,2,10,0,0,1,3,8,0,48,1,1
46757.0,0,777,30,163,0,51,122,7,9,1,51,1,0
79734.0,0,572,8,232,23,62,17,6,1,1,45,1,1
63207.0,0,438,169,565,91,169,70,6,7,0,22,1,1
72071.0,0,531,69,300,150,138,150,8,2,1,60,1,0
21840.0,1,17,0,9,0,0,1,3,9,0,31,1,1
58582.0,0,402,35,106,101,77,42,9,5,1,32,1,1
72282.0,0,503,27,419,90,139,153,9,7,1,63,1,0
50387.0,0,369,9,87,12,14,34,8,5,1,58,1,1
32583.0,1,5,0,3,0,0,1,2,7,0,53,1,1
62568.0,0,362,17,398,80,35,61,5,4,1,52,1,1
44635.0,1,56,0,9,0,0,3,3,7,0,43,1,0
33316.0,1,79,1,31,4,4,12,4,6,0,43,1,0
63967.0,0,387,84,141,73,35,162,12,2,1,46,1,1
52513.0,0,367,17,241,104,188,232,9,7,1,36,1,1
25293.0,1,15,0,11,0,2,9,2,8,0,45,1,1
54111.0,0,267,6,54,8,3,50,6,5,1,49,1,0
78394.0,0,298,27,697,216,24,166,5,2,1,28,1,1
80739.0,0,674,92,736,39,0,92,9,1,0,56,1,1
22669.0,1,16,14,36,37,22,48,2,9,1,39,1,1
29236.0,1,37,4,24,16,9,9,3,9,1,27,1,0
44911.0,0,159,0,22,2,1,31,4,7,1,55,1,1
54693.0,0,686,17,142,23,26,35,13,6,1,52,1,1
48186.0,1,97,3,66,12,7,34,4,7,1,40,1,1
54809.0,1,63,6,57,13,13,22,5,4,0,37,1,1
41580.0,1,56,5,24,4,0,3,3,5,0,36,1,1
80336.0,0,209,19,456,160,142,66,13,1,0,44,1,1
47743.0,0,198,2,43,0,12,20,6,6,1,57,1,1
62972.0,0,313,15,47,20,0,192,3,6,1,59,1,1
57333.0,0,941,14,397,76,58,176,9,6,1,60,1,0
32313.0,1,86,4,56,2,4,7,4,9,1,32,1,1
84953.0,0,167,48,602,63,72,72,4,2,0,61,1,0
27071.0,1,8,3,19,0,2,3,3,6,0,46,1,0
68148.0,0,389,66,408,37,57,85,6,2,1,57,1,1
65735.0,1,239,7,119,4,15,11,6,7,1,49,1,1
86836.0,0,179,21,273,0,21,63,6,5,1,39,1,1
4023.0,1,5,0,1,1,1,1,0,19,0,51,1,1
30093.0,0,2,6,28,13,4,16,3,7,0,24,1,1
57705.0,0,383,0,53,6,4,40,6,6,1,48,1,1
25008.0,1,2,8,8,6,1,9,3,8,0,26,1,0
83257.0,0,536,27,590,38,107,67,12,6,1,19,1,0
22280.0,1,2,1,4,3,1,2,2,8,0,39,1,1
72159.0,0,322,53,899,34,40,53,10,2,1,36,1,1
64260.0,0,539,169,816,20,0,30,4,3,1,53,1,1
82733.0,0,712,50,420,65,38,38,7,4,1,30,1,0
74290.0,0,1121,0,72,0,12,12,10,6,1,43,1,0
58217.0,2,68,1,13,3,5,13,4,6,0,63,1,0
21024.0,0,36,4,18,6,2,18,4,7,0,38,1,1
70116.0,0,707,44,603,95,58,29,12,1,0,42,1,1
54006.0,1,174,77,203,6,24,97,7,7,1,29,1,1
69063.0,0,666,35,124,69,8,26,5,3,1,48,1,1
11448.0,0,0,0,0,6,2,6,2,6,0,39,1,0
61825.0,0,162,50,100,55,30,27,8,4,1,35,1,0
70886.0,1,407,70,239,103,88,53,4,2,1,43,1,1
69109.0,0,823,25,459,124,29,95,7,4,1,32,1,1
60208.0,1,488,23,71,15,0,59,7,7,1,41,1,0
32889.0,1,28,0,13,4,2,8,3,5,0,46,1,1
34738.0,1,3,2,10,3,0,2,3,6,0,30,1,0
30538.0,1,284,0,52,8,3,20,4,10,1,43,1,1
82326.0,0,938,142,754,159,81,183,6,2,1,37,1,1
26642.0,1,13,2,15,2,2,8,3,6,0,47,1,0
69932.0,0,412,172,153,150,105,57,11,4,1,50,1,0
44503.0,1,31,1,8,0,0,8,3,6,0,42,1,0
60200.0,0,502,19,132,0,6,26,11,6,1,66,1,0
49638.0,0,18,10,3,3,5,0,3,2,0,62,1,0
23830.0,0,1,8,6,4,8,16,3,7,0,27,1,0
33051.0,0,100,71,243,108,94,219,8,9,1,55,1,0
72905.0,0,407,114,445,181,165,203,9,1,0,56,1,1
69702.0,0,664,9,240,50,19,57,10,4,1,63,1,1
70300.0,1,1045,61,338,60,46,46,13,8,1,39,1,0
70643.0,0,1218,107,304,23,143,33,4,6,1,30,1,1
30396.0,1,15,0,6,0,1,12,2,7,0,45,1,1
50616.0,0,128,0,16,0,1,4,4,7,1,46,1,0
62772.0,0,581,49,157,43,8,108,11,2,1,45,1,0
30298.0,0,6,3,12,6,1,0,3,3,0,29,1,0
52413.0,1,185,8,133,56,56,12,7,7,1,30,1,0
44155.0,1,22,1,9,0,0,14,2,4,0,57,1,1
86979.0,0,584,100,835,65,83,35,5,2,1,43,1,0
76532.0,1,355,30,177,90,138,30,7,5,1,39,1,1
42081.0,1,175,10,110,54,6,27,4,6,1,32,1,1
67546.0,0,864,134,768,150,38,172,5,3,1,26,1,1
88420.0,0,957,153,612,99,95,153,8,1,1,25,1,1
31158.0,1,25,6,16,20,0,5,3,8,0,29,1,1
61671.0,0,641,7,56,0,0,28,6,8,1,46,1,0
69719.0,0,273,86,208,177,14,43,5,1,0,40,1,0
49160.0,0,122,21,43,25,10,15,6,6,0,65,1,0
24882.0,1,1,4,10,29,0,36,2,6,0,36,0,1
90933.0,0,1020,31,430,62,63,79,4,1,1,60,1,0
113734.0,0,6,2,3,1,262,3,0,1,1,69,1,0
59292.0,0,378,14,68,19,14,14,8,3,0,64,1,1
45759.0,1,42,1,18,3,0,4,3,7,0,50,1,1
22148.0,0,15,5,14,0,4,11,3,7,0,31,1,0
73395.0,0,272,7,80,20,7,11,6,2,1,27,1,1
29819.0,1,9,1,24,2,1,2,3,6,0,43,1,0
45688.0,0,279,0,18,0,0,9,8,4,0,46,1,1
62820.0,0,398,61,265,138,61,53,6,1,0,60,1,1
60491.0,0,637,47,237,12,19,76,7,5,1,43,1,1
33235.0,1,45,0,16,2,1,6,3,7,0,28,1,1
35701.0,0,21,1,9,7,3,5,3,6,0,55,1,1
31535.0,1,15,4,13,0,0,19,2,7,0,34,1,1
92556.0,0,493,183,352,184,23,28,13,0,0,54,1,1
67384.0,0,957,40,175,158,53,107,5,5,1,44,1,0
80573.0,0,829,138,430,60,92,15,13,2,1,43,1,1
77870.0,0,1017,50,500,65,50,133,5,8,1,47,1,1
52278.0,0,953,0,71,0,0,174,10,8,1,51,1,0
57107.0,0,159,0,120,0,0,137,8,8,1,46,1,0
18929.0,0,32,0,8,23,4,18,4,6,0,24,1,1
36038.0,1,23,0,15,0,2,7,3,6,0,33,1,0
20180.0,0,18,42,24,15,20,18,4,7,0,38,1,0
34230.0,1,15,0,4,0,0,2,2,7,0,49,1,1
31878.0,0,23,4,5,10,5,23,4,3,0,37,1,0
70932.0,0,200,193,100,46,185,185,12,3,1,42,1,1
91249.0,0,1324,27,119,71,108,27,6,4,1,58,1,0
77598.0,0,1193,33,281,129,66,33,13,3,1,71,1,0
80982.0,1,505,137,401,104,22,22,11,5,1,55,1,0
22701.0,1,2,4,9,0,4,5,3,5,0,37,1,1
55212.0,0,1103,0,45,0,0,34,11,8,1,45,1,1
70617.0,0,353,61,753,40,46,27,7,2,0,44,1,1
64849.0,0,652,48,350,94,84,108,6,5,1,57,1,0
62694.0,1,379,6,157,25,91,91,7,7,1,49,1,1
61917.0,1,46,4,36,2,2,1,4,5,0,40,1,1
67472.0,0,162,31,127,8,17,69,7,3,1,67,1,1
21059.0,1,8,3,19,3,3,8,3,6,0,32,1,1
29543.0,2,17,3,18,3,4,18,2,7,0,46,1,1
75903.0,0,340,108,185,130,38,100,9,3,1,63,1,1
34984.0,1,8,4,15,3,5,3,3,7,0,39,1,1
54998.0,0,154,22,202,39,30,8,9,4,1,58,1,0
54356.0,0,710,15,30,20,0,0,8,8,1,65,1,0
34242.0,0,8,2,4,0,0,1,3,5,0,55,1,1
25410.0,1,2,2,4,13,13,4,4,4,0,41,1,1
73356.0,0,1050,14,322,0,14,112,5,2,1,30,1,1
28320.0,0,19,1,14,3,2,4,3,8,0,64,1,1
23763.0,1,22,0,6,6,2,6,3,7,0,37,1,0
72570.0,0,274,83,216,151,141,224,12,1,1,30,1,1
34529.0,1,68,6,38,3,6,41,3,7,0,38,1,1
70792.0,0,344,45,654,104,11,114,10,3,0,63,1,0
63211.0,0,145,193,459,205,26,145,7,2,0,32,1,1
83891.0,0,217,38,350,111,85,15,10,1,1,40,1,1
36065.0,1,18,7,34,10,2,3,3,8,0,46,1,0
39898.0,0,69,8,26,12,7,12,4,7,0,60,1,1
51141.0,0,144,0,7,0,0,6,4,5,0,74,1,0
56939.0,0,256,34,103,90,29,49,10,3,0,38,1,1
80872.0,0,483,72,567,94,12,108,10,1,1,63,1,0
72335.0,0,1285,105,653,28,21,0,8,8,1,38,1,1
61798.0,0,338,4,89,11,8,13,9,4,1,50,1,0
76842.0,0,605,10,345,84,54,32,7,0,0,64,1,0
29478.0,1,8,0,7,3,1,1,3,6,0,38,1,1
46998.0,0,172,41,86,45,6,27,5,7,1,58,1,0
96843.0,0,448,71,951,40,17,17,10,2,1,24,1,0
56551.0,1,67,4,32,17,2,16,4,4,0,64,1,0
70053.0,0,512,53,98,81,179,89,10,5,1,49,1,1
71670.0,0,1462,16,128,0,0,160,6,6,1,52,1,0
44359.0,1,20,0,14,7,3,1,4,3,0,36,1,1
40887.0,1,50,4,44,10,10,43,3,9,0,62,1,0
48877.0,0,102,1,15,2,0,24,4,7,0,48,1,0
74485.0,0,499,149,815,173,49,49,12,3,1,67,1,1
64474.0,0,381,35,172,56,86,93,10,5,1,42,1,1
77226.0,0,631,43,239,128,76,21,12,3,1,51,1,1
72643.0,0,526,80,553,123,94,53,7,2,0,65,1,0
85738.0,0,913,26,376,17,26,13,11,1,0,36,1,1
55686.0,0,673,0,199,37,47,26,5,4,1,48,1,0
39062.0,1,23,0,9,0,0,12,3,4,0,31,1,0
34600.0,1,199,33,60,8,3,15,5,8,1,43,1,1
40794.0,0,261,23,73,4,23,50,5,7,1,39,1,1
54690.0,1,111,16,37,7,9,18,5,3,0,43,1,1
4428.0,0,16,4,12,2,4,321,0,1,1,45,1,1
32632.0,0,63,151,137,153,19,53,8,5,1,51,1,1
38236.0,1,58,0,18,2,0,10,4,7,0,46,1,0
36781.0,1,29,1,17,0,3,13,2,8,0,35,1,1
31385.0,1,3,2,12,0,1,9,2,8,0,30,1,0
24570.0,1,28,34,62,11,14,44,4,9,1,30,1,1
25509.0,1,40,3,30,10,7,11,3,9,0,40,1,0
94642.0,0,879,143,797,106,143,143,9,1,1,63,1,1
58646.0,0,62,1,44,6,5,22,4,4,0,52,1,1
53201.0,1,280,7,81,20,0,27,5,7,1,39,1,0
21994.0,0,9,0,6,3,1,3,3,5,0,57,1,1
57113.0,1,182,4,33,0,2,42,5,7,1,36,1,1
51373.0,0,83,2,101,64,26,117,3,4,0,23,1,1
23477.0,1,38,15,54,3,8,29,4,8,0,28,1,1
58116.0,0,228,19,130,4,11,51,8,2,0,58,1,1
72968.0,0,1092,37,592,145,37,55,8,3,1,51,1,0
39791.0,0,85,15,27,13,13,21,4,7,0,43,1,1
91712.0,0,1276,24,746,94,29,48,11,3,1,67,1,0
94472.0,0,1017,33,417,108,100,16,5,5,1,56,1,0
13672.0,1,6,2,9,2,1,5,3,8,0,54,1,1
96547.0,0,448,21,125,52,101,62,8,2,1,34,1,1
79205.0,0,504,23,117,179,28,44,4,4,1,39,1,1
56559.0,0,226,22,133,41,31,31,8,4,1,39,1,1
32644.0,1,239,3,141,0,7,23,6,8,1,41,1,1
67506.0,0,90,38,67,33,36,67,6,3,1,34,1,0
24206.0,1,7,2,8,3,2,3,3,6,0,44,1,0
28420.0,1,4,2,5,2,0,0,2,6,0,47,1,0
22979.0,1,16,17,19,20,21,22,2,8,0,44,1,1
33279.0,0,10,3,3,0,0,0,3,3,0,48,1,0
46423.0,1,68,0,16,0,0,8,4,7,0,42,1,0
30368.0,0,35,0,13,2,0,2,3,8,0,37,1,1
63684.0,0,575,80,428,208,93,80,8,5,1,44,1,1
41638.0,0,315,0,31,4,0,91,3,8,1,50,1,0
68805.0,0,182,2,49,17,13,20,7,2,0,55,1,0
65814.0,0,561,14,113,10,14,35,10,5,1,48,1,1
71964.0,0,587,51,932,180,34,86,5,3,1,56,1,0
39146.0,1,94,1,33,13,12,12,4,8,1,28,1,0
96876.0,0,908,43,735,40,194,21,9,2,1,37,1,1
34445.0,0,228,122,122,208,129,30,8,9,1,33,0,1
68281.0,0,995,112,417,42,48,41,13,5,0,56,1,0
37284.0,1,11,1,2,2,1,6,3,6,0,39,1,1
36790.0,0,3,3,14,15,21,10,2,9,0,31,1,1
27943.0,1,12,1,16,4,1,3,3,8,0,47,1,1
22263.0,1,17,0,2,0,0,2,3,6,0,63,1,0
30261.0,1,8,0,5,0,3,6,3,8,0,42,1,1
28587.0,1,22,4,17,12,10,13,4,6,0,36,1,1
43815.0,1,14,10,29,4,7,15,3,6,0,32,1,1
48195.0,1,106,27,68,52,7,5,5,6,1,58,1,1
77027.0,0,820,57,242,45,0,11,6,4,1,62,1,1
71322.0,0,753,43,226,69,10,204,13,4,1,49,1,1
32765.0,1,13,3,17,7,3,3,4,5,0,35,1,1
29672.0,1,9,1,3,0,4,8,3,6,0,49,1,1
23272.0,0,19,3,6,4,2,12,3,4,0,61,1,0
49912.0,0,520,8,223,32,49,42,7,8,1,65,1,1
7500.0,1,5,17,17,13,14,34,3,9,0,29,1,1
68117.0,0,618,44,215,0,17,36,4,6,1,67,1,0
67225.0,0,315,35,322,46,7,143,11,5,1,59,1,1
17649.0,1,15,1,23,0,5,1,3,8,0,38,1,1
55914.0,0,384,60,364,119,101,232,8,7,1,39,1,1
40059.0,1,110,29,92,28,10,145,3,8,1,30,1,1
60905.0,0,208,17,76,36,17,38,7,2,0,64,1,1
75330.0,1,555,82,257,93,61,61,12,6,1,37,1,1
60689.0,0,240,90,216,63,6,24,10,3,1,63,1,0
38680.0,1,11,0,36,15,5,12,3,7,0,30,1,1
61416.0,0,848,154,323,201,61,78,10,6,1,32,1,1
49767.0,0,202,47,197,55,42,149,8,4,1,23,1,0
83273.0,1,433,89,650,16,102,102,9,7,1,44,1,0
29009.0,1,6,6,15,10,5,2,3,6,0,33,1,1
45057.0,1,37,0,7,3,0,3,3,5,0,35,1,1
37150.0,1,167,37,64,49,34,116,6,7,1,43,1,1
43020.0,1,45,7,99,4,25,43,4,6,1,44,1,0
53154.0,0,129,0,21,0,1,7,4,4,0,55,1,1
65308.0,0,713,0,264,120,80,34,12,4,1,41,1,1
76467.0,1,676,161,426,210,44,58,5,6,0,44,1,0
81044.0,0,450,26,535,73,98,26,10,1,1,67,1,1
32871.0,1,22,2,12,0,2,5,3,4,0,63,1,1
55801.0,1,367,4,51,6,4,95,6,7,1,39,1,0
76320.0,0,526,35,214,69,53,35,4,2,1,55,1,0
36927.0,1,51,0,16,0,0,4,3,8,0,59,1,0
48794.0,1,25,0,11,3,0,15,3,4,0,61,1,1
23478.0,0,28,6,27,12,17,39,3,8,0,49,1,0
71128.0,1,958,159,447,20,0,31,12,7,0,41,1,0
70179.0,0,532,88,168,69,44,133,13,5,1,38,1,0
59462.0,0,724,17,143,0,8,196,12,7,1,64,1,1
51381.5,1,375,42,48,94,66,96,4,3,1,45,1,1
38361.0,1,39,0,56,20,8,14,3,7,0,45,1,1
51381.5,1,23,0,15,0,2,7,3,6,0,33,1,0
70038.0,0,587,54,348,71,54,130,8,2,1,32,1,1
42554.0,1,29,1,11,0,0,0,3,4,0,36,1,1
67445.0,0,757,80,217,29,80,11,12,6,1,40,1,1
67046.0,0,544,35,133,23,151,107,4,2,1,63,1,0
42192.0,0,40,15,15,17,6,7,3,4,0,66,1,1
77610.0,0,1245,33,332,21,33,16,4,7,1,62,1,1
31761.0,1,19,1,20,16,14,28,4,5,0,30,1,1
34350.0,1,16,3,15,2,1,11,3,7,0,35,1,1
54591.0,0,376,4,94,12,9,24,8,5,1,65,1,1
71866.0,0,184,178,178,103,39,33,10,3,1,58,1,1
25293.0,1,15,0,11,0,2,9,2,8,0,45,1,1
42000.0,0,124,83,267,85,59,35,11,5,1,27,1,0
69520.0,0,627,120,414,121,80,93,5,5,1,31,1,1
64713.0,1,180,60,241,13,54,54,7,4,1,44,1,0
27889.0,1,14,0,4,0,0,8,2,6,0,37,1,1
22123.0,0,3,3,24,34,7,31,3,5,0,54,0,0
51381.5,1,71,1,16,0,0,9,3,8,0,43,1,1
51381.5,0,161,0,22,0,0,24,4,6,1,60,1,1
27803.0,1,8,26,46,38,9,49,4,8,0,41,1,1
51381.5,0,264,0,21,12,6,147,5,7,1,59,1,0
51651.0,0,293,6,23,13,6,92,5,8,1,54,1,1
68487.0,0,758,12,385,33,89,89,13,4,1,26,1,1
51381.5,0,532,126,490,164,126,126,11,1,1,71,1,0
56796.0,0,656,38,161,62,47,37,7,7,1,45,1,1
87000.0,0,196,25,607,67,17,49,7,2,1,22,1,1
79823.0,0,835,73,380,114,73,43,7,2,1,55,1,1
30828.0,1,16,11,15,2,0,12,4,3,0,34,1,0
34109.0,0,9,1,5,2,1,4,3,4,0,43,1,1
53367.0,1,229,7,140,10,3,11,8,7,1,40,1,0
22390.0,0,0,1,4,15,1,5,2,7,0,45,0,1
71322.0,0,121,24,124,24,15,42,7,2,1,38,1,1
79244.0,0,471,102,125,212,61,245,7,1,1,21,1,0
49912.0,0,520,8,223,32,49,42,7,8,1,65,1,1
48699.0,1,26,1,10,2,0,1,3,5,0,64,1,1
80144.0,0,240,132,445,250,192,108,8,1,0,39,1,1
54252.0,1,178,4,26,8,4,44,5,6,1,58,1,0
81929.0,1,1486,55,278,49,0,185,10,6,1,38,1,1
76068.0,0,1115,12,128,33,12,76,4,6,0,39,1,1
53204.0,1,29,0,8,2,0,6,3,4,0,38,1,1
67911.0,0,529,0,356,63,28,0,11,3,1,65,1,1
14796.0,1,13,3,8,7,4,16,3,9,0,30,1,1
78128.0,0,934,24,230,16,24,36,6,3,1,40,1,1
14188.0,0,2,7,11,16,12,27,4,6,0,42,0,1
20425.0,1,4,12,5,3,16,17,3,7,0,28,0,1
58646.0,0,62,1,44,6,5,22,4,4,0,52,1,1
72967.0,0,158,35,179,0,0,125,8,5,1,44,1,0
48150.0,0,173,2,39,3,2,47,4,7,1,65,1,1
82332.0,0,830,59,968,51,79,19,12,2,1,53,1,0
58275.0,1,189,10,253,56,43,64,7,7,1,59,1,0
44953.0,0,728,17,133,11,8,124,13,6,1,33,1,1
34587.0,1,7,2,9,2,0,2,3,4,0,61,1,1
43018.0,0,35,4,17,7,6,64,2,5,0,40,1,1
45736.0,0,188,3,180,20,3,43,6,7,1,60,1,1
66476.0,0,742,28,152,25,9,57,10,4,1,45,1,1
27733.0,1,0,7,5,26,2,17,3,7,0,33,1,1
69805.0,0,750,71,174,13,10,20,11,2,1,62,1,1
72217.0,0,816,42,450,55,56,154,8,2,0,52,1,0
25818.0,1,5,2,8,2,2,9,2,7,0,43,1,0
37509.0,1,37,5,56,12,8,5,4,7,0,38,1,1
25176.0,1,4,0,4,0,0,5,2,7,0,38,1,1
43586.0,0,99,2,11,4,0,16,4,8,0,34,1,1
53230.0,0,176,72,98,136,21,229,12,5,1,58,1,1
50116.0,1,54,0,10,0,0,2,4,5,0,57,1,1
84906.0,0,997,15,414,99,30,76,12,2,1,42,1,1
61286.0,0,356,0,107,19,9,117,8,5,1,48,1,1
82333.0,0,1311,0,359,46,89,17,10,2,1,28,1,1
65220.0,0,890,63,292,0,25,12,7,6,1,49,1,1
33590.0,2,4,0,2,0,0,2,2,7,0,40,1,1
30992.0,1,17,0,14,7,3,2,3,7,0,38,1,0
72309.0,0,960,0,883,50,38,0,8,3,1,38,1,0
156924.0,0,2,1,2,1,1,1,0,0,0,65,1,1
16005.0,1,1,3,2,20,30,47,2,8,0,34,0,1
65487.0,0,240,67,500,199,0,163,6,2,0,57,1,0
58692.0,0,301,11,61,4,7,11,4,7,1,49,1,1
40590.0,1,154,0,50,6,11,37,3,6,0,45,1,0
20587.0,1,2,3,6,4,1,9,2,7,0,44,1,0
62637.0,0,104,12,48,4,12,5,5,2,0,60,1,0
29435.0,1,70,3,37,4,2,64,2,9,0,48,1,0
19346.0,1,2,0,9,3,6,2,3,8,0,40,1,0
35788.0,1,23,2,11,3,1,4,3,6,0,43,1,1
36997.0,1,43,4,12,8,0,27,4,5,0,46,1,0
23539.0,0,4,24,11,16,1,25,4,6,0,57,1,1
65333.0,0,654,7,92,0,15,30,8,6,1,41,1,0
78499.0,0,912,72,170,47,36,97,4,4,1,57,1,0
29732.0,1,25,0,8,0,1,4,2,9,0,43,1,1
41275.0,1,24,4,22,0,2,9,3,5,0,54,1,1
63516.0,1,141,11,114,15,14,5,7,5,1,41,1,1
42769.0,0,71,0,13,3,1,0,4,4,0,52,1,1
49572.0,1,35,1,16,0,1,1,3,7,0,56,1,1
69209.0,0,496,32,849,229,48,128,6,4,1,42,1,1
17148.0,1,9,9,11,13,10,16,3,8,0,38,1,1
40590.0,1,154,0,50,6,11,37,3,6,0,45,1,0
30560.0,1,9,1,5,4,5,7,3,7,0,38,1,1
32146.0,1,26,3,23,4,7,3,4,6,0,31,1,1
41713.0,1,77,8,44,10,10,25,4,6,0,50,1,0
34176.0,0,11,2,7,4,2,2,3,3,0,39,1,1
58482.0,0,576,7,115,19,7,7,9,6,1,59,1,1
59686.0,0,89,15,89,34,42,5,6,4,1,49,1,0
60896.0,0,1013,30,399,60,46,153,4,6,1,50,1,1
62994.0,1,224,12,48,4,12,12,4,6,1,34,1,1
47320.0,0,200,19,111,50,15,19,8,6,1,57,1,1
74859.0,0,570,73,614,133,102,73,11,3,1,65,1,0
15253.0,1,1,3,3,8,1,13,3,7,0,22,0,0
31560.0,1,62,1,20,4,0,7,3,8,0,40,1,0
72071.0,0,531,69,300,150,138,150,8,2,1,60,1,0
91172.0,0,162,28,818,0,28,56,7,3,1,24,1,0
90000.0,0,675,144,133,94,192,241,5,1,1,30,1,1
41967.0,1,23,4,10,0,2,15,3,4,0,33,1,0
69263.0,0,492,5,32,13,5,21,7,6,1,49,1,0
65706.0,0,918,10,129,13,0,129,12,7,1,44,1,0
60934.0,0,224,155,155,192,93,54,11,4,1,39,1,1
71965.0,0,572,19,286,50,38,248,5,3,1,63,1,1
65210.0,0,626,0,70,0,7,28,8,6,1,59,1,1
79174.0,0,1074,37,518,193,92,129,7,2,1,39,1,1
81380.0,0,741,68,689,224,68,103,10,2,1,47,1,0
48432.0,0,322,3,50,4,3,42,6,8,1,41,1,0
52914.0,0,254,10,44,30,10,227,3,7,1,43,1,1
38946.0,0,116,6,82,6,6,41,6,5,0,59,1,1
26067.0,1,22,2,18,0,2,12,3,8,0,40,1,1
44325.0,0,516,0,21,0,0,5,7,8,1,42,1,1
42523.0,0,14,36,11,3,26,35,4,2,0,50,1,1
26487.0,1,2,8,10,12,14,23,3,5,0,36,0,0
53233.0,0,28,0,9,3,0,0,3,4,0,57,1,1
67716.0,0,530,142,217,62,9,56,13,5,1,54,1,1
76234.0,0,519,50,167,130,0,41,11,3,1,42,1,1
84117.0,0,611,76,749,59,45,26,6,2,1,58,1,1
65487.0,0,240,67,500,199,0,163,6,2,0,57,1,1
25224.0,1,4,9,12,11,2,8,3,3,0,42,0,1
89616.0,0,671,47,655,145,111,15,12,2,1,31,1,0
40851.0,1,23,1,7,0,4,24,2,7,0,43,1,0
27469.0,0,9,1,2,3,2,0,3,6,0,67,1,1
82347.0,0,556,54,845,202,133,63,10,3,1,57,1,1
73803.0,0,833,80,363,52,26,174,6,6,1,57,1,1
8820.0,1,12,0,13,4,2,4,3,8,0,62,1,0
43322.0,0,56,7,48,10,2,18,4,7,0,40,1,0
55593.0,0,293,8,124,11,4,106,3,6,1,41,1,1
50501.0,1,297,0,38,13,0,152,4,6,1,60,1,1
37085.0,1,39,1,16,2,0,3,3,8,0,39,1,1
16185.0,1,5,11,16,21,8,45,2,8,0,24,0,0
57731.0,0,266,21,300,65,8,44,6,6,1,45,1,0
48432.0,0,322,3,50,4,3,42,6,8,1,41,1,0
73807.0,0,366,124,156,71,78,54,11,2,1,36,1,1
18929.0,0,32,0,8,23,4,18,4,6,0,24,1,1
35893.0,1,158,0,23,0,0,18,5,8,0,46,1,0
61014.0,0,269,129,495,182,43,29,4,7,1,34,1,1
32144.0,1,41,0,10,0,0,3,3,7,0,60,1,1
14918.0,0,3,3,3,15,4,15,3,6,0,51,0,1
45146.0,1,33,0,5,0,0,15,2,4,0,51,1,0
41769.0,0,302,29,131,32,0,27,7,8,1,59,1,0
88325.0,0,519,71,860,93,27,53,9,2,1,33,1,1
38054.0,1,23,2,17,2,1,0,3,7,0,64,1,0
80617.0,0,594,51,631,72,55,32,8,2,1,19,1,0
5305.0,0,12,4,7,1,3,5,0,13,0,38,1,1
36807.0,1,4,2,5,0,0,5,2,6,0,60,1,1
28427.0,1,18,3,19,3,3,6,3,8,0,31,1,1
82032.0,0,332,194,377,149,125,57,7,1,1,66,1,0
22775.0,1,5,1,8,0,0,1,2,8,0,36,1,1
40101.0,1,171,3,129,26,24,62,6,7,1,29,1,1
58025.0,0,270,31,88,11,48,22,10,4,0,35,1,1
75777.0,0,712,26,538,69,13,80,11,1,0,32,1,0
7500.0,1,2,8,11,3,8,21,2,7,0,35,1,1
33562.0,1,21,12,12,0,3,3,4,4,0,51,1,1
57642.0,0,580,6,58,8,0,27,6,4,1,44,1,0
58554.0,1,368,24,68,38,0,88,6,7,1,46,1,1
63777.0,1,457,5,106,15,17,53,6,8,1,35,1,1
57967.0,0,229,7,137,4,0,91,8,5,1,52,1,0
51381.5,0,32,2,1607,12,4,22,1,0,0,36,1,1
24434.0,2,3,2,8,20,0,17,2,7,0,42,1,1
11012.0,1,24,3,26,7,1,23,2,9,0,30,1,0
44802.0,0,853,10,143,13,10,20,12,8,1,44,1,0
26816.0,0,5,1,6,3,4,3,3,4,0,28,1,0
666666.0,1,9,14,18,8,1,12,3,6,0,37,1,1
34421.0,1,3,3,7,6,2,9,2,7,0,40,1,1
61223.0,0,709,43,182,42,118,247,4,5,1,47,1,1
64014.0,2,406,0,30,0,0,8,5,7,1,68,1,1
56981.0,0,908,48,217,32,12,24,13,6,0,33,1,0
69245.0,0,428,30,214,80,30,61,10,3,1,58,1,1
52869.0,1,84,3,61,2,1,21,4,7,0,60,1,1
